municipio,colonia,conteo,precio_m2_mediana,precio_m2_promedio,precio_m2_std,edad_dias_promedio,precio_m2_cv,ln(1+n),pavc_score,Q,S,qs_score
Atizapán de Zaragoza,Bosque Esmeralda,18,0.6098649690398628,34367.0,11830.504837321285,0.3582153582153582,0.3880057071291747,0.2704396288722717,0.4914877508560646,0.5469525663337367,0.2704396288722717,0.47782433196837043
Atizapán de Zaragoza,Residencial Lago Esmeralda,20,0.5923954939944794,36581.3,13307.517195377322,0.792953667953668,0.33212681635971697,0.3199627192912764,0.5774678680755859,0.6425350374842766,0.3199627192912764,0.5618919579360266
Atizapán de Zaragoza,Zona Esmeralda,11,0.6633427001218511,38369.72727272727,12415.611302637571,0.9942084942084942,0.44709615398905067,0.0430547899949536,0.6919975121103118,0.7460591486435119,0.0430547899949536,0.5703080589813723
Huixquilucan,Bosque Real,82,1.0,51513.41463414634,11961.705154213025,0.39893116112628313,0.7084099145096122,0.9999999999999998,0.7768352689089738,0.8497327902815708,0.9999999999999998,0.887299592711178
Huixquilucan,Bosques de la Herradura,20,0.491196876631935,32990.7,9952.079058642656,0.6814671814671815,0.5097705504056408,0.3199627192912764,0.5434078712841731,0.5387644528407467,0.3199627192912764,0.4840640194533791
Huixquilucan,Bosques de las Palmas,11,0.807301121527864,39732.27272727273,11553.175832565772,0.8108108108108107,0.5409075264008286,0.0430547899949536,0.7415801450668418,0.8081785438486007,0.0430547899949536,0.6168976053851889
Huixquilucan,Hacienda de las Palmas,74,0.700382960734091,39795.43243243243,11048.515608574136,0.5474538244808516,0.5784943496699668,0.9498489679532194,0.6316785239047501,0.6621506766707812,0.9498489679532194,0.7340752494913907
Huixquilucan,Interlomas,28,0.9265038669087111,48294.392857142855,10865.91562278249,0.3599007170435742,0.7290361918770834,0.4796767831372113,0.7354861606845199,0.7848530794424269,0.4796767831372113,0.708559005366123
Huixquilucan,Jesús del Monte,30,0.6310645811056126,37817.1,9997.32151145737,0.8301158301158302,0.6164532124448048,0.5126768714343697,0.677174551192965,0.680827393358167,0.5126768714343697,0.6387897628772177
Huixquilucan,La Herradura,11,0.518066296968642,32385.81818181818,6841.917082487655,0.08687258687258703,0.768303791501625,0.0430547899949536,0.47282724307787405,0.4102678694446283,0.0430547899949536,0.31846459958220963
Huixquilucan,Lomas Country Club,30,0.8268843408847886,41802.26666666667,10997.069411919463,0.8053410553410554,0.6201318441479563,0.5126768714343697,0.7698103953146472,0.8214985194988553,0.5126768714343697,0.7442931074827339
Huixquilucan,Lomas de Tecamachalco Bosques I y II,19,0.7663193494641036,39099.78947368421,11785.463497126673,0.6904084535663484,0.510465614852545,0.2958204709461596,0.6833781918367752,0.7473416254896648,0.2958204709461596,0.6344613368537884
Lerma,Club de Golf los Encinos,13,0.6424041976475269,43397.92307692308,10277.317601248054,0.9036234036234037,0.6952252059712937,0.11933131126334962,0.7209142512224377,0.7077089991414961,0.11933131126334962,0.5606145771719595
Metepec,San Salvador Tizatlalli,12,0.40346405391291373,27624.166666666668,10140.730418675097,0.7062419562419562,0.32264033017897076,0.08266135742029479,0.4589525985616886,0.47915852949517435,0.08266135742029479,0.38003423647645446
Naucalpan de Juárez,Ciudad Satélite,27,0.646407878049387,33792.2962962963,10894.50588357698,0.3031603031603032,0.45047698914797163,0.46231296868683125,0.5116132621017622,0.5605959843271161,0.46231296868683125,0.536025230417045
Naucalpan de Juárez,Lomas Verdes,12,0.4582224653718947,31712.333333333332,11208.21610437737,0.662001287001287,0.3617128753396709,0.08266135742029479,0.48503977327118686,0.5091671707792428,0.08266135742029479,0.40254071743950576
Naucalpan de Juárez,Lomas Verdes 6a Sección,11,0.5820008454977246,37626.454545454544,10615.890027347084,0.0,0.5656071068175069,0.0430547899949536,0.432402199453239,0.43650063412329343,0.0430547899949536,0.33813917309120844
Naucalpan de Juárez,Lomas de Tecamachalco,49,0.6912192574540571,40124.204081632655,13822.553110737163,0.5354188007249232,0.3872796338735146,0.7492175599252926,0.576284237376638,0.6522691432717737,0.7492175599252926,0.6765062474351534
San Mateo Atenco,San Francisco,10,0.35890135030960135,26843.4,7929.390689776302,1.0,0.5276983273646263,0.0,0.5613752569959573,0.519176012732201,0.0,0.3893820095491508
Tecámac,Los Héroes Ozumbilla,10,0.0,9373.3,3674.8187574355284,0.4903474903474905,0.2512711220063434,0.0,0.18540465308845847,0.12258687258687262,0.0,0.09194015444015446
Tecámac,Los Héroes Tecámac,12,0.09659811503742571,13741.416666666666,3408.8648459390097,0.6973938223938225,0.6630333475841227,0.08266135742029479,0.38840585001319916,0.2467970418765249,0.08266135742029479,0.2057631207624674
Tecámac,Ojo de Agua,28,0.354487354835501,25011.89285714286,12003.528908090091,0.6784335355763926,1.1102230246251565e-16,0.4796767831372113,0.34685206131184865,0.4354739000207239,0.4796767831372113,0.44652462079984573
Tecámac,Rancho la Luz,15,0.3499614552507896,25590.066666666666,3333.012739821065,0.051480051480051525,1.0,0.18540503939050823,0.4378507404954077,0.2753411043081051,0.18540503939050823,0.2528570880787059
Valle de Bravo,Avandaro,15,0.7942207743764453,42992.0,17166.222356709703,0.3346203346203347,0.23057425786151386,0.18540503939050823,0.5384090353086848,0.6793206644374177,0.18540503939050823,0.5558417581756903
