municipio,colonia,conteo,precio_m2_mediana,precio_m2_promedio,precio_m2_std,edad_dias_promedio,precio_m2_cv,score
Atlatlahucan,Fraccionamiento Lomas de Cocoyoc,115,0.36779032675230616,23310.2,7003.875364847365,0.9119363758012169,0.6209043983044936,0.5671053569025807
Cuernavaca,Acapatzingo,17,0.6555737563583066,27930.235294117647,7646.9605443062455,0.0941541554557549,0.6913849910469485,0.5241716648048291
Cuernavaca,Chapultepec,16,0.5162226628732363,24468.0,9057.538966702454,0.7202033030096923,0.43671109741698644,0.5473399315432877
Cuernavaca,Delicias,24,0.7226772422910022,27398.666666666668,7172.572697536727,0.04331214929433769,0.7230965147075421,0.5529407871459711
Cuernavaca,Las Palmas,13,0.5875219128085754,24344.46153846154,7309.0178730955895,0.4386518514642983,0.6215138805789299,0.5588023894150947
Cuernavaca,Lomas de Ahuatlán,11,0.3609506566658045,22623.545454545456,6625.752415592306,0.840035708212889,0.6409689913007932,0.5507265032113229
Cuernavaca,Lomas de Cortes,10,0.21447251199816075,19822.2,10291.927039081544,0.7341438530862098,0.042951979720062705,0.3015102142006485
Cuernavaca,Lomas de Tetela,15,0.28111618817714157,22014.133333333335,7371.416290226019,0.220305503599161,0.5300553688232427,0.32814831219417173
Cuernavaca,Maravillas,11,0.5875793890277898,25278.909090909092,5183.100200739813,0.7161197075327326,0.8730322826585676,0.69107769206172
Cuernavaca,Palmira Tingüindín,18,0.45311377417593457,23611.0,8863.173200184605,0.7947250089742863,0.4229609922223079,0.5309783873871159
Cuernavaca,Rancho Cortes,21,0.47871942983590543,27187.095238095237,9074.749599326486,0.35177447955886987,0.5328570383297048,0.4605175943900963
Cuernavaca,Real de Tetela,10,0.4174210420438542,22628.7,5131.512968359764,0.7985801734398912,0.8156102229314103,0.6122581201147524
Cuernavaca,Reforma,19,0.3930223869873839,23666.894736842107,12672.887642937829,0.0415186282318617,0.0,0.20689085055165737
Cuernavaca,Tlaltenango,19,0.38169957180216674,24939.684210526317,8175.892829618273,0.8071890745397757,0.5486097739695919,0.5297994980284253
Cuernavaca,Vista Hermosa,53,0.5230335948501308,26243.77358490566,8011.778455790792,0.0,0.6081720480973477,0.4135598094494023
Emiliano Zapata,Fraccionamiento Burgos,12,0.26321234589188713,17201.0,8699.740382751243,0.6370763192200872,0.07846878997274132,0.31049245024415073
Emiliano Zapata,Fraccionamiento Paraíso Country Club,32,1.0,32968.6875,5524.025299733589,0.35852347602448553,0.9720653669504924,0.8326472107437445
Emiliano Zapata,Lomas de Trujillo,10,0.1708193235048998,19288.5,3582.438624735949,0.7118389729637817,0.9240439029274564,0.49438038072525947
Emiliano Zapata,Tres de Mayo,13,0.16495674914504121,19353.53846153846,6671.698729401489,0.7951486534210561,0.5039559254259849,0.40725451928428086
Jiutepec,Centro Jiutepec,11,0.3382475500761559,21838.363636363636,3428.202977442476,0.7701921441931644,1.0,0.611671811086369
Jojutla,Tequesquitengo,37,0.41871425697617615,25686.783783783783,8257.336132646382,0.6296525227829427,0.5654245658218893,0.508126400639296
Temixco,Fraccionamiento Burgos Bugambilias,16,0.1763083024398655,19689.0,4880.82128334976,0.8828430539023976,0.7597941461797367,0.4988134512404663
Temixco,Fraccionamiento Lomas de Cuernavaca,14,0.3365520016093342,21689.928571428572,5926.67434913201,0.698739281463308,0.6928181933230815,0.5161653695012645
Yautepec,Fraccionamiento Altos de Oaxtepec,16,0.05920050579072911,16937.1875,7440.742052768214,0.8797451538853936,0.254050339049224,0.313049126129019
Yautepec,Fraccionamiento Real de Oaxtepec,22,0.01129407707560992,17917.772727272728,7764.970137199611,1.0,0.2697627984083354,0.3230877381398888
Yautepec,Oaxtepec Centro,47,0.0,17126.23404255319,8776.382393805217,0.9445374031771988,0.06081143432887737,0.25133720937651904
