municipio,colonia,precio_m2,edad_dias
Cuauhtémoc,Obrera,54897.0,-10
Miguel Hidalgo,Granada,59500.0,-10
Alvaro Obregón,Olivar de los Padres,47656.0,-10
Benito Juárez,Álamos,65066.0,-10
Benito Juárez,San Simón Ticumac,41184.0,-10
Miguel Hidalgo,Escandón I Sección,7089.0,-10
Cuauhtémoc,Colonia Centro,110175.0,-10
Gustavo A. Madero,Guadalupe Tepeyac,494.0,-10
Gustavo A. Madero,Lindavista Norte,652.0,-10
Azcapotzalco,Del Gas,54545.0,-10
Tlalpan,Bosques del Pedregal,29990.0,-10
Cuauhtémoc,Colonia Centro,89803.0,-10
Miguel Hidalgo,Argentina Antigua,41739.0,-10
Benito Juárez,Portales Norte,38421.0,-10
Miguel Hidalgo,Lomas Virreyes,79117.0,-10
Cuajimalpa de Morelos,Santa Fe Cuajimalpa,73504.0,-10
Miguel Hidalgo,Lomas de Chapultepec - 8 Sección,41262.0,-10
Alvaro Obregón,Atlamaya,46350.0,-10
Cuajimalpa de Morelos,Bosques de las Lomas,49435.0,-10
Miguel Hidalgo,Bosque de las Lomas,29715.0,-10
Cuajimalpa de Morelos,Bosques de las Lomas,29715.0,-10
Gustavo A. Madero,San Juan de Aragón III Secc,30000.0,-10
Benito Juárez,San Simón Ticumac,25714.0,-10
Miguel Hidalgo,Bosque de las Lomas,49090.0,-10
Cuajimalpa de Morelos,Lomas de Vista Hermosa,84677.0,-10
Cuauhtémoc,Obrera,54897.0,-10
Cuauhtémoc,Colonia Centro,116385.0,-10
Cuajimalpa de Morelos,Lomas de Vista Hermosa,58536.0,-10
Benito Juárez,Américas Unidas,49140.0,-10
Benito Juárez,Postal,50615.0,-10
Iztapalapa,Citlalli,25555.0,-10
Miguel Hidalgo,Anáhuac I Sección,45084.0,-10
Tlalpan,Granjas Coapa,38269.0,-10
Benito Juárez,Portales Norte,42500.0,-10
Cuauhtémoc,Valle Gómez,31627.0,-10
Miguel Hidalgo,Lago Norte,45700.0,-10
Benito Juárez,San Simón Ticumac,36000.0,-10
Tlalpan,Prado Coapa,68750.0,-10
Cuauhtémoc,Paulino Navarro,39433.0,-10
Miguel Hidalgo,Polanco,85546.0,-10
Miguel Hidalgo,Anáhuac I Sección,41641.0,-10
Cuauhtémoc,Roma Norte,93750.0,-10
Iztapalapa,Cerro de La Estrella,27551.0,-10
Tláhuac,Miguel Hidalgo,22988.0,-10
Tlalpan,Tlalpuente,11671.0,-10
Tlalpan,Prados Coapa 3era Sección,24255.0,-10
Miguel Hidalgo,Bosque de las Lomas,75221.0,-10
Coyoacán,Romero de Terreros,48206.0,-10
Gustavo A. Madero,San Juan de Aragón IV Secc,30555.0,-10
Cuajimalpa de Morelos,Bosques de las Lomas,49867.0,-10
Miguel Hidalgo,Bosque de las Lomas,49090.0,-10
La Magdalena Contreras,Barrio San Francisco,28386.0,-10
Tlalpan,Hacienda San Juan,31304.0,-10
Cuauhtémoc,Roma Norte,100000.0,-10
Benito Juárez,Del Valle Sur,52857.0,-9
Iztapalapa,San Miguel,39780.0,-5
Benito Juárez,Nápoles,58522.0,-9
Iztacalco,Agrícola Oriental,39655.0,-9
Benito Juárez,Narvarte Oriente,55555.0,-9
Benito Juárez,Del Valle Centro,52666.0,-9
Venustiano Carranza,Valle Gómez,31416.0,-9
Cuajimalpa de Morelos,El Yaqui,72949.0,-9
Cuajimalpa de Morelos,El Yaqui,70996.0,-9
Cuauhtémoc,Santa María la Ribera,54237.0,-10
Cuauhtémoc,San Rafael,53076.0,-9
Miguel Hidalgo,Polanco,63333.0,-9
Tlalpan,Granjas Coapa,43421.0,-9
Miguel Hidalgo,Polanco,94000.0,-10
Benito Juárez,Nápoles,94000.0,-9
Cuajimalpa de Morelos,El Yaqui,35869.0,-9
Benito Juárez,Nápoles,70588.0,-8
Miguel Hidalgo,San Miguel Chapultepec,113000.0,-9
Gustavo A. Madero,Gertrudiz Sánchez,31250.0,-9
Azcapotzalco,Clavería,31661.0,-9
Cuajimalpa de Morelos,San Mateo Tlaltenango,63227.0,-10
Miguel Hidalgo,Lomas de Chapultepec - 8 Sección,65917.0,-9
Tlalpan,Colinas del Bosque,37897.0,-9
Alvaro Obregón,Pilares Águilas,28333.0,-5
Miguel Hidalgo,Lomas de Chapultepec,64750.0,-9
Alvaro Obregón,Jardines del Pedregal,23450.0,-8
Benito Juárez,Del Valle Centro,43333.0,-9
Alvaro Obregón,Lomas de las Aguilas,32918.0,-9
La Magdalena Contreras,San Jerónimo Lídice,35784.0,-9
Iztapalapa,El Vergel,31813.0,-10
Miguel Hidalgo,Argentina Poniente,30508.0,-9
Alvaro Obregón,Lomas de Santa Fe,45180.0,-9
Alvaro Obregón,Olivar de los Padres,50366.0,-9
Alvaro Obregón,Olivar de los Padres,64285.0,-9
Alvaro Obregón,Santa Fe,55384.0,-9
Benito Juárez,Álamos,64538.0,-9
Cuajimalpa de Morelos,Bosques de las Lomas,45000.0,-10
Coyoacán,El Reloj,75913.0,-9
Cuajimalpa de Morelos,Manzanastitla,47142.0,-9
Cuauhtémoc,Roma Sur,78827.0,-9
Cuajimalpa de Morelos,Lomas de San Pedro,31090.0,-9
Alvaro Obregón,Miguel Hidalgo,71000.0,-9
Miguel Hidalgo,Bosque de las Lomas,65772.0,-9
Miguel Hidalgo,Polanco,46407.0,-9
Miguel Hidalgo,Polanco,64837.0,-9
Cuajimalpa de Morelos,Lomas del Chamizal,46666.0,-10
Miguel Hidalgo,Polanco,70588.0,-9
Miguel Hidalgo,Polanco,96000.0,-9
Cuauhtémoc,Juárez,77500.0,-10
Benito Juárez,Del Valle Centro,39795.0,-8
Cuauhtémoc,Cuauhtémoc,70000.0,-8
Miguel Hidalgo,Polanco,73469.0,-8
Tlalpan,Fuentes Brotantes,44459.0,-9
La Magdalena Contreras,San Jerónimo Aculco,32101.0,-9
Miguel Hidalgo,Bosque de las Lomas,66315.0,-9
Coyoacán,Parque San Andrés,33200.0,-9
Iztacalco,Agrícola Pantitlan,40456.0,-9
Venustiano Carranza,Sevilla,44615.0,-9
Gustavo A. Madero,DM Nacional,36245.0,-4
Cuajimalpa de Morelos,Santa Fe Cuajimalpa,80952.0,-9
Iztapalapa,Lomas Estrella,35621.0,-4
Gustavo A. Madero,Bondojito,54515.0,-4
Cuajimalpa de Morelos,Contadero,65000.0,-9
Benito Juárez,Josefa Ortiz de Domínguez,56142.0,-9
Cuauhtémoc,San Rafael,52985.0,-9
Coyoacán,Pueblo de Santa Ursula Coapa,61337.0,-9
Cuajimalpa de Morelos,El Yaqui,65424.0,-9
Cuauhtémoc,Roma Sur,60000.0,-9
Cuauhtémoc,Tabacalera,88468.0,-9
Benito Juárez,General Pedro María Anaya,53520.0,-9
Alvaro Obregón,Miguel Hidalgo,67450.0,-9
Benito Juárez,Narvarte Poniente,60000.0,-10
Benito Juárez,Letrán Valle,66265.0,-10
Coyoacán,Educación,43506.0,-9
Cuauhtémoc,Doctores,38750.0,-9
Benito Juárez,Portales Norte,55844.0,-9
Cuauhtémoc,Cuauhtémoc,76363.0,-9
Alvaro Obregón,Olivar del Conde,21750.0,-10
Tlalpan,Rincón del Pedregal,43000.0,-9
Miguel Hidalgo,Verónica Anzures,37619.0,-9
Iztapalapa,Santa Martha Acatitla Sur,11358.0,-9
Coyoacán,El Mirador,23333.0,-10
Iztacalco,Agrícola Oriental,42640.0,-9
Cuajimalpa de Morelos,Locaxco,56178.0,-4
Cuauhtémoc,Santa María la Ribera,60435.0,-9
Miguel Hidalgo,Argentina Poniente,40677.0,-8
Miguel Hidalgo,Polanco,114285.0,-8
Miguel Hidalgo,Polanco,103333.0,-8
Benito Juárez,Américas Unidas,62321.0,-8
Cuauhtémoc,Condesa,58333.0,-8
Alvaro Obregón,Progreso Tizapán,75833.0,-8
Alvaro Obregón,Ex-Hacienda de Tarango,55648.0,-7
Benito Juárez,Portales Norte,69493.0,-8
Miguel Hidalgo,Lomas de Chapultepec,38943.0,-8
Cuajimalpa de Morelos,Lomas de Vista Hermosa,52050.0,-8
Benito Juárez,Álamos,42500.0,-10
Alvaro Obregón,Las Águilas,45571.0,-9
Xochimilco,Ampliación Tepepan,33766.0,-3
Tlalpan,Miguel Hidalgo 2A Sección,65624.0,-3
Miguel Hidalgo,Lomas de Chapultepec - 4 Sección,100628.0,-8
Cuajimalpa de Morelos,Contadero,23575.0,-8
Tláhuac,La Conchita Zapotitlán,12130.0,-9
Alvaro Obregón,Jardines del Pedregal,46250.0,-8
Cuajimalpa de Morelos,Bosques de las Lomas,25604.0,-8
Miguel Hidalgo,Polanco,112638.0,-8
Alvaro Obregón,Jardines del Pedregal,61904.0,-8
Alvaro Obregón,Jardines del Pedregal,50781.0,-8
Cuajimalpa de Morelos,Bosques de las Lomas,56939.0,-9
Alvaro Obregón,San Angel Inn,98308.0,-9
Cuajimalpa de Morelos,Lomas de Vista Hermosa,41636.0,-8
Cuauhtémoc,Roma Sur,99800.0,-9
Cuajimalpa de Morelos,Cuajimalpa,31666.0,-8
Cuajimalpa de Morelos,Bosques de las Lomas,49786.0,-8
Miguel Hidalgo,Escandón I Sección,74789.0,-8
Benito Juárez,Portales Norte,50574.0,-8
Coyoacán,San Pablo Tepetlapa,57066.0,-8
Cuajimalpa de Morelos,Contadero,82237.0,-8
Cuajimalpa de Morelos,Lomas de Vista Hermosa,47604.0,-8
Miguel Hidalgo,Reforma Social,77142.0,-8
Cuajimalpa de Morelos,Bosques de las Lomas,55555.0,-8
Cuajimalpa de Morelos,Club de Golf Bosques,94666.0,-8
Alvaro Obregón,Los Alpes,57500.0,-8
Cuajimalpa de Morelos,El Yaqui,45289.0,-8
Miguel Hidalgo,Lomas de Chapultepec,52500.0,-8
Miguel Hidalgo,Polanco,107784.0,-8
Tlalpan,Club de Golf México,61111.0,-9
Miguel Hidalgo,Bosque de las Lomas,25604.0,-8
Miguel Hidalgo,Bosque de las Lomas,41666.0,-8
Cuajimalpa de Morelos,San Mateo Tlaltenango,5511.0,-8
Cuajimalpa de Morelos,Bosques de las Lomas,70559.0,-8
Cuajimalpa de Morelos,Bosques de las Lomas,106666.0,-8
Miguel Hidalgo,Bosque de las Lomas,31952.0,-8
Miguel Hidalgo,Lomas de Chapultepec,38009.0,-8
Cuajimalpa de Morelos,Lomas de Vista Hermosa,27969.0,-8
Cuajimalpa de Morelos,Bosques de las Lomas,54750.0,-8
Cuajimalpa de Morelos,Cuajimalpa,25909.0,-8
Cuajimalpa de Morelos,Cuajimalpa,50891.0,-8
Cuajimalpa de Morelos,Bosques de las Lomas,52500.0,-8
Cuajimalpa de Morelos,El Yaqui,35135.0,-8
Alvaro Obregón,Los Alpes,61600.0,-8
Cuajimalpa de Morelos,Cuajimalpa,35333.0,-8
Cuajimalpa de Morelos,Cuajimalpa,40650.0,-8
Alvaro Obregón,Santa Fe,43391.0,-8
Cuajimalpa de Morelos,Santa Fe Cuajimalpa,91276.0,-8
Cuajimalpa de Morelos,Contadero,34090.0,-8
Miguel Hidalgo,Lomas de Chapultepec,58974.0,-8
Miguel Hidalgo,Polanco,111731.0,-8
Miguel Hidalgo,Lomas Altas,51996.0,-8
Cuajimalpa de Morelos,Bosques de las Lomas,50000.0,-8
Cuajimalpa de Morelos,San Lorenzo Acopilco,14564.0,-8
Cuajimalpa de Morelos,Contadero,41584.0,-8
Cuajimalpa de Morelos,San Lorenzo Acopilco,18996.0,-8
Alvaro Obregón,Carola,51200.0,-8
Venustiano Carranza,Valle Gómez,31416.0,-8
Miguel Hidalgo,Polanco,104972.0,-8
Miguel Hidalgo,Bosque de las Lomas,49786.0,-8
Cuajimalpa de Morelos,Manzanastitla,33939.0,-8
Miguel Hidalgo,Polanco,68333.0,-8
Cuajimalpa de Morelos,Lomas de Vista Hermosa,60736.0,-8
Cuauhtémoc,Condesa,105000.0,-8
Cuajimalpa de Morelos,San Mateo Tlaltenango,68181.0,-8
Benito Juárez,Del Valle Norte,45930.0,-9
Miguel Hidalgo,Polanco,107692.0,-8
Alvaro Obregón,Santa Fe La Loma,53886.0,-8
Miguel Hidalgo,Polanco,100896.0,-8
Cuajimalpa de Morelos,Lomas de Vista Hermosa,56862.0,-8
Cuajimalpa de Morelos,Lomas de Vista Hermosa,45289.0,-8
Alvaro Obregón,Santa Fe,45714.0,-8
Miguel Hidalgo,Lomas de Chapultepec,68144.0,-8
Miguel Hidalgo,Lomas de Chapultepec - 1 Sección,76406.0,-8
Cuajimalpa de Morelos,Bosques de las Lomas,72681.0,-8
Miguel Hidalgo,Bosque de las Lomas,38009.0,-8
Cuajimalpa de Morelos,San Mateo Tlaltenango,64102.0,-8
Miguel Hidalgo,Lomas de Chapultepec - 1 Sección,100690.0,-8
Alvaro Obregón,Jardines del Pedregal,70844.0,-8
Miguel Hidalgo,Bosque de las Lomas,32319.0,-8
Miguel Hidalgo,Bosque de las Lomas,29429.0,-8
Cuajimalpa de Morelos,Contadero,36075.0,-8
Alvaro Obregón,San Bartolo Ameyalco,57936.0,-8
Cuauhtémoc,Juárez,90771.0,-8
Cuajimalpa de Morelos,Bosques de las Lomas,72314.0,-8
Cuajimalpa de Morelos,Bosques de las Lomas,73968.0,-8
Cuajimalpa de Morelos,Santa Fe Cuajimalpa,57428.0,-8
Cuajimalpa de Morelos,Lomas del Chamizal,67647.0,-8
Cuajimalpa de Morelos,San Mateo Tlaltenango,83519.0,-8
Cuajimalpa de Morelos,Cuajimalpa,35135.0,-8
Alvaro Obregón,Santa Fe La Loma,80555.0,-8
Cuajimalpa de Morelos,Lomas del Chamizal,56410.0,-8
Coyoacán,Ciudad Jardín,38076.0,-8
Alvaro Obregón,Santa Fe,87562.0,-8
Alvaro Obregón,Guadalupe Inn,50000.0,-9
Cuajimalpa de Morelos,Bosques de las Lomas,47604.0,-8
Alvaro Obregón,Santa Fe,48771.0,-8
Miguel Hidalgo,Polanco,107784.0,-8
Cuajimalpa de Morelos,Cuajimalpa,40680.0,-8
Miguel Hidalgo,Polanco,111731.0,-8
Cuajimalpa de Morelos,Memetla,12221.0,-8
Gustavo A. Madero,Residencial Zacatenco,11714.0,-8
Cuajimalpa de Morelos,Las Tinajas,15988.0,-8
Cuajimalpa de Morelos,Cuajimalpa,14157.0,-8
Miguel Hidalgo,Bosque de las Lomas,70559.0,-8
Miguel Hidalgo,Bosque de las Lomas,106666.0,-8
Alvaro Obregón,Santa Fe La Loma,73750.0,-8
Alvaro Obregón,Tetelpan,32705.0,-8
Cuajimalpa de Morelos,Contadero,81372.0,-8
Alvaro Obregón,Olivar de los Padres,57936.0,-8
Cuajimalpa de Morelos,Bosques de las Lomas,53627.0,-8
Benito Juárez,San José Insurgentes,57034.0,-8
Cuajimalpa de Morelos,Contadero,49827.0,-9
Cuajimalpa de Morelos,Bosques de las Lomas,75543.0,-8
Miguel Hidalgo,Lomas de Bezares,51120.0,-8
Venustiano Carranza,Valle Gómez,31416.0,-8
Miguel Hidalgo,Polanco,52054.0,-8
Cuauhtémoc,Hipódromo Condesa,76190.0,-8
Cuajimalpa de Morelos,San Mateo Tlaltenango,57761.0,-8
Cuajimalpa de Morelos,Contadero,62456.0,-8
Cuajimalpa de Morelos,Santa Fe Cuajimalpa,61842.0,-8
Miguel Hidalgo,Lomas de Bezares,81441.0,-9
Cuajimalpa de Morelos,Lomas del Chamizal,63768.0,-8
Cuajimalpa de Morelos,San Mateo Tlaltenango,66666.0,-8
Cuajimalpa de Morelos,Santa Fe Cuajimalpa,54545.0,-8
Miguel Hidalgo,Polanco,51470.0,-8
Miguel Hidalgo,Bosque de las Lomas,34000.0,-8
Miguel Hidalgo,Bosque de las Lomas,89743.0,-8
Alvaro Obregón,San Ángel,54777.0,-8
Cuajimalpa de Morelos,Bosques de las Lomas,31855.0,-8
Alvaro Obregón,Santa Fe La Loma,61403.0,-8
Alvaro Obregón,Jardines del Pedregal,58983.0,-8
Miguel Hidalgo,Lomas de Bezares,72631.0,-8
Cuajimalpa de Morelos,Granjas Navidad,36220.0,-8
Alvaro Obregón,San Angel Inn,76579.0,-8
Cuajimalpa de Morelos,Cuajimalpa,41463.0,-8
Miguel Hidalgo,Bosque de las Lomas,60256.0,-8
Miguel Hidalgo,Polanco,52173.0,-8
Alvaro Obregón,Paseo de las Lomas,45493.0,-9
Miguel Hidalgo,Real de las Lomas,75154.0,-8
Cuajimalpa de Morelos,Bosques de las Lomas,70774.0,-8
Cuajimalpa de Morelos,San Mateo Tlaltenango,68518.0,-8
Cuajimalpa de Morelos,San Mateo Tlaltenango,30373.0,-8
Cuauhtémoc,San Rafael,98475.0,-8
Cuauhtémoc,Hipódromo,85029.0,-8
Cuauhtémoc,Hipódromo Condesa,84787.0,-8
Cuajimalpa de Morelos,Manzanastitla,35333.0,-8
Cuajimalpa de Morelos,Santa Fe Cuajimalpa,67187.0,-8
Benito Juárez,San Simón Ticumac,51666.0,-8
Cuajimalpa de Morelos,Manzanastitla,40650.0,-8
Alvaro Obregón,Santa Fe,43391.0,-8
Alvaro Obregón,Santa Fe,54545.0,-8
Cuajimalpa de Morelos,Bosques de las Lomas,51730.0,-8
Cuajimalpa de Morelos,Bosques de las Lomas,44444.0,-8
Cuajimalpa de Morelos,Cuajimalpa,22774.0,-8
Iztapalapa,Escuadrón 201,52000.0,-8
Cuajimalpa de Morelos,Bosques de las Lomas,36634.0,-8
Cuajimalpa de Morelos,Contadero,5511.0,-8
Alvaro Obregón,Santa Fe La Loma,81151.0,-8
Alvaro Obregón,Jardines del Pedregal,49945.0,-8
Alvaro Obregón,Jardines del Pedregal,41117.0,-8
Cuajimalpa de Morelos,Contadero,47236.0,-8
Alvaro Obregón,Colina del Sur,76153.0,-8
Cuajimalpa de Morelos,San Mateo Tlaltenango,96969.0,-8
Cuajimalpa de Morelos,San Mateo Tlaltenango,111250.0,-8
Cuajimalpa de Morelos,San Mateo Tlaltenango,66000.0,-8
Cuajimalpa de Morelos,Cuajimalpa,41636.0,-8
Cuajimalpa de Morelos,Lomas de Vista Hermosa,53448.0,-8
Cuajimalpa de Morelos,Bosques de las Lomas,84000.0,-8
Miguel Hidalgo,Polanco,75000.0,-8
Alvaro Obregón,Lomas de Becerra,52542.0,-8
Cuajimalpa de Morelos,Bosques de las Lomas,44207.0,-8
Miguel Hidalgo,Lomas de Bezares,43571.0,-8
Miguel Hidalgo,Polanco,98253.0,-8
Alvaro Obregón,Santa Fe,50468.0,-8
Cuauhtémoc,Roma Norte,99765.0,-8
Azcapotzalco,San Martín Xochinahuac,28663.0,-8
Cuajimalpa de Morelos,Lomas de Vista Hermosa,57696.0,-8
Cuajimalpa de Morelos,Lomas de Vista Hermosa,47897.0,-8
Cuajimalpa de Morelos,Bosques de las Lomas,44144.0,-8
Cuajimalpa de Morelos,Contadero,14157.0,-8
Cuajimalpa de Morelos,Cuajimalpa,23575.0,-8
Cuajimalpa de Morelos,Bosques de las Lomas,41666.0,-8
Tlalpan,Rinconada Coapa 2A Sección,39150.0,-9
Alvaro Obregón,Tetelpan,32705.0,-8
Miguel Hidalgo,Bosque de las Lomas,71641.0,-8
Cuajimalpa de Morelos,Bosques de las Lomas,31952.0,-8
Miguel Hidalgo,Bosque de las Lomas,51996.0,-8
Alvaro Obregón,San Bartolo Ameyalco,41777.0,-8
Cuajimalpa de Morelos,San Mateo Tlaltenango,57352.0,-8
Cuajimalpa de Morelos,Bosques de las Lomas,54285.0,-8
Cuajimalpa de Morelos,Bosques de las Lomas,41636.0,-8
Cuajimalpa de Morelos,Contadero,50891.0,-8
Cuajimalpa de Morelos,Santa Fe Cuajimalpa,67924.0,-8
Cuajimalpa de Morelos,Lomas de Vista Hermosa,81750.0,-8
Cuajimalpa de Morelos,Lomas de Vista Hermosa,75543.0,-8
Miguel Hidalgo,Tacuba,47076.0,-9
Cuajimalpa de Morelos,Santa Fe Cuajimalpa,98109.0,-8
Cuajimalpa de Morelos,Lomas del Chamizal,58479.0,-8
Cuauhtémoc,San Rafael,91306.0,-8
Azcapotzalco,San Sebastián,50600.0,-9
Cuajimalpa de Morelos,Lomas de Vista Hermosa,52500.0,-8
Miguel Hidalgo,Polanco,73888.0,-8
Cuauhtémoc,Roma Norte,90771.0,-8
Cuajimalpa de Morelos,San Mateo Tlaltenango,55345.0,-8
Cuajimalpa de Morelos,San Mateo Tlaltenango,96747.0,-8
Cuajimalpa de Morelos,Santa Fe Cuajimalpa,59401.0,-9
Tlalpan,Lomas del Pedregal,67800.0,-8
Alvaro Obregón,Santa Fe,91276.0,-8
Venustiano Carranza,Popular Rastro,33636.0,-9
Cuauhtémoc,San Simón Tolnahuac,50779.0,-8
Cuajimalpa de Morelos,Contadero,22774.0,-8
Miguel Hidalgo,Lomas de Reforma,64488.0,-8
Cuajimalpa de Morelos,Bosques de las Lomas,38009.0,-8
Cuajimalpa de Morelos,El Yaqui,27969.0,-8
Miguel Hidalgo,Bosque de las Lomas,54750.0,-8
Cuajimalpa de Morelos,Cuajimalpa,52884.0,-8
Alvaro Obregón,Jardines del Pedregal,30197.0,-8
Cuajimalpa de Morelos,San Mateo Tlaltenango,104285.0,-8
Cuajimalpa de Morelos,Bosques de las Lomas,60256.0,-8
Benito Juárez,Mixcoac,46052.0,-8
Cuajimalpa de Morelos,Santa Fe Cuajimalpa,330.0,-8
Benito Juárez,Xoco,104081.0,-8
Tlalpan,Villa Cuemanco INFONAVIT,38269.0,-8
Cuauhtémoc,San Simón Tolnahuac,54687.0,-7
Benito Juárez,Del Valle Centro,41614.0,-7
Benito Juárez,Letrán Valle,53888.0,-8
Cuajimalpa de Morelos,Bosques de las Lomas,77377.0,-9
Alvaro Obregón,Tetelpan,30405.0,-7
Coyoacán,Del Carmen,40869.0,-7
Miguel Hidalgo,Anáhuac I Sección,49218.0,-7
Coyoacán,Pedregal de Santa Ursula,50000.0,-8
Coyoacán,Pedregal de Santa Ursula,48181.0,-8
Coyoacán,Haciendas de Coyoacán,44166.0,-8
Benito Juárez,Narvarte Oriente,67213.0,-9
Benito Juárez,Portales Sur,42857.0,-8
Miguel Hidalgo,Bosque de las Lomas,36875.0,-7
Gustavo A. Madero,Chalma de Guadalupe,20000.0,-8
Gustavo A. Madero,Acueducto de Guadalupe,26530.0,-9
Benito Juárez,Américas Unidas,55757.0,-8
Tlalpan,Barrio del Niño Jesús,30928.0,-9
Azcapotzalco,Nueva Santa Maria,30434.0,-8
Benito Juárez,Vertiz Narvarte,45454.0,-8
Alvaro Obregón,Jardines del Pedregal,57619.0,-8
Tlalpan,Lomas del Pedregal,25964.0,-9
Cuajimalpa de Morelos,Contadero,50900.0,-9
Cuajimalpa de Morelos,Bosques de las Lomas,57971.0,-9
Miguel Hidalgo,Ampliación Granada,72549.0,-7
Cuajimalpa de Morelos,Lomas de Vista Hermosa,85877.0,-7
Alvaro Obregón,San Pedro de los Pinos,51384.0,1
Cuauhtémoc,Hipódromo,55555.0,-8
Cuauhtémoc,San Rafael,100000.0,-7
Benito Juárez,Álamos,47761.0,-7
Venustiano Carranza,Valle Gómez,31416.0,-7
Azcapotzalco,Petrolera,30833.0,-7
Cuauhtémoc,Condesa,98648.0,-7
Tlalpan,Parque del Pedregal,66780.0,-7
Alvaro Obregón,Tetelpan,42352.0,-7
Cuajimalpa de Morelos,Lomas de Vista Hermosa,65789.0,-7
Cuauhtémoc,Roma Norte,91538.0,-7
Alvaro Obregón,Santa Fe,75072.0,-7
Cuajimalpa de Morelos,Lomas de Vista Hermosa,50000.0,-7
Benito Juárez,Álamos,37921.0,-7
Azcapotzalco,Clavería,48611.0,-7
Miguel Hidalgo,Polanco,116589.0,-7
Miguel Hidalgo,Polanco,55194.0,-7
Alvaro Obregón,Progreso Tizapán,56122.0,-7
Cuauhtémoc,Condesa,76811.0,-7
Alvaro Obregón,Lomas de las Aguilas,52558.0,-7
La Magdalena Contreras,San Jerónimo Lídice,33423.0,-7
Cuauhtémoc,Guerrero,63340.0,-7
Miguel Hidalgo,Bosque de las Lomas,31034.0,-7
Miguel Hidalgo,Lomas de Chapultepec,70763.0,-7
Tlalpan,Hacienda San Juan,28061.0,-7
Alvaro Obregón,Rancho del Carmen del Pueblo San Bartolo Ameyalco,57500.0,-7
Venustiano Carranza,Valle Gómez,31416.0,-7
Venustiano Carranza,Valle Gómez,31416.0,-7
Benito Juárez,Ampliación Nápoles,73394.0,-8
Miguel Hidalgo,Anáhuac II Sección,37164.0,6
Benito Juárez,Del Valle Centro,57894.0,-8
Cuauhtémoc,Tránsito,50859.0,-7
Cuauhtémoc,Hipódromo Condesa,63043.0,-8
Miguel Hidalgo,Anáhuac II Sección,58441.0,-7
Tlalpan,Fuentes del Pedregal,103875.0,-8
Cuajimalpa de Morelos,Santa Fe Cuajimalpa,36000.0,41
Alvaro Obregón,Los Alpes,67833.0,-7
Benito Juárez,Narvarte Poniente,81578.0,-7
Miguel Hidalgo,Lomas Altas,107002.0,-7
Benito Juárez,Xoco,64629.0,-8
Alvaro Obregón,Jardines del Pedregal,45940.0,-7
Miguel Hidalgo,Anáhuac I Sección,65562.0,-7
Miguel Hidalgo,Anzures,59148.0,-7
Coyoacán,Los Olivos,36781.0,-7
Gustavo A. Madero,Residencial Zacatenco,25625.0,-8
Coyoacán,Haciendas de Coyoacán,36400.0,-8
Tlalpan,Jardines del Ajusco,35285.0,-7
Iztapalapa,Lomas Estrella,53571.0,-7
La Magdalena Contreras,San Jerónimo Lídice,45454.0,-7
Miguel Hidalgo,Real de las Lomas,38043.0,-7
Gustavo A. Madero,Residencial Zacatenco,25625.0,-8
Benito Juárez,Santa María Nonoalco,58641.0,-7
Cuauhtémoc,Roma Norte,45348.0,-7
Miguel Hidalgo,Lomas de Chapultepec,41188.0,-7
Tlalpan,Miguel Hidalgo 3A Sección,33846.0,-7
Cuajimalpa de Morelos,Bosques de las Lomas,62903.0,-7
Benito Juárez,Santa Cruz Atoyac,64948.0,-7
Benito Juárez,Residencial Emperadores,40186.0,-7
Benito Juárez,Del Valle Centro,47857.0,-7
Miguel Hidalgo,Escandón II Sección,36082.0,-7
Benito Juárez,Del Valle Centro,45703.0,-8
Miguel Hidalgo,Polanco,100000.0,-7
Miguel Hidalgo,Polanco,89605.0,-7
Cuauhtémoc,Obrera,36000.0,-7
Benito Juárez,Vertiz Narvarte,50684.0,-7
Benito Juárez,Nápoles,52884.0,-7
Benito Juárez,San José Insurgentes,46911.0,-8
Alvaro Obregón,San Pedro de los Pinos,57377.0,-8
Alvaro Obregón,Lomas de Santa Fe,48875.0,-7
Miguel Hidalgo,Bosque de las Lomas,51886.0,-7
Benito Juárez,Ampliación Nápoles,73571.0,-7
Venustiano Carranza,Jardín Balbuena,35540.0,-7
Iztacalco,Viaducto Piedad,35555.0,-8
Coyoacán,Campestre Churubusco,28650.0,-7
Alvaro Obregón,Águilas,339.0,-7
Tlalpan,Héroes de Padierna,32919.0,-7
Benito Juárez,Extremadura Insurgentes,52272.0,-7
Benito Juárez,Nápoles,52739.0,-6
Alvaro Obregón,Los Alpes,69230.0,-8
Benito Juárez,Acacias,42212.0,-8
Miguel Hidalgo,Lomas Altas,32053.0,-7
Cuauhtémoc,Santa María la Ribera,53846.0,-8
Venustiano Carranza,Valle Gómez,45442.0,-7
Benito Juárez,Portales Norte,35612.0,-8
Alvaro Obregón,Lomas de Santa Fe,69262.0,-7
Coyoacán,San Pablo Tepetlapa,76000.0,-7
Miguel Hidalgo,Polanco,117150.0,-7
Cuajimalpa de Morelos,Lomas del Chamizal,61571.0,-8
Benito Juárez,Narvarte Poniente,58277.0,-8
Cuauhtémoc,Hipódromo Condesa,110169.0,-7
Alvaro Obregón,Lomas de Santa Fe,47281.0,-7
Cuajimalpa de Morelos,Contadero,52678.0,-7
Iztapalapa,Consejo Agrarista Mexicano,27659.0,-6
Alvaro Obregón,San Clemente Sur,39166.0,-8
Alvaro Obregón,Santa Fe,48571.0,-8
Benito Juárez,Xoco,96899.0,-7
Venustiano Carranza,Jardín Balbuena,26808.0,-7
Venustiano Carranza,20 de Noviembre,19600.0,-7
Alvaro Obregón,Santa Fe La Loma,84356.0,-8
Cuajimalpa de Morelos,San Mateo Tlaltenango,116845.0,-7
Coyoacán,Jardines del Pedregal de San Ángel,54844.0,-7
Xochimilco,Santa María Tepepan,37475.0,-8
Miguel Hidalgo,Lomas de Chapultepec - 8 Sección,65917.0,-8
Miguel Hidalgo,Bosque de las Lomas,58055.0,-8
Cuajimalpa de Morelos,San Mateo Tlaltenango,68518.0,-7
Alvaro Obregón,San Clemente Sur,38524.0,-7
Venustiano Carranza,Arenal,34914.0,-7
Benito Juárez,Xoco,95121.0,-8
Cuauhtémoc,Roma Norte,81618.0,-8
Benito Juárez,Portales Sur,41052.0,-7
Alvaro Obregón,Los Alpes,65864.0,-8
Benito Juárez,Del Valle Centro,47636.0,-8
Azcapotzalco,Del Gas,48064.0,-7
Miguel Hidalgo,Polanco,114838.0,-8
Coyoacán,Pedregal de Carrasco,40000.0,-7
Venustiano Carranza,Moctezuma,43750.0,0
Cuajimalpa de Morelos,San Mateo Tlaltenango,111764.0,-7
Cuajimalpa de Morelos,Santa Fe Cuajimalpa,55555.0,-7
Miguel Hidalgo,Lomas de Chapultepec,35526.0,-8
Miguel Hidalgo,Polanco,97500.0,-7
Cuauhtémoc,Condesa,110169.0,-7
Cuajimalpa de Morelos,Santa Fe Cuajimalpa,78000.0,-7
Alvaro Obregón,Chimalistac,66601.0,-7
Cuajimalpa de Morelos,Bosques de las Lomas,35538.0,-7
Miguel Hidalgo,Lomas de Chapultepec - 7 Sección,93864.0,-7
Miguel Hidalgo,Lomas de Chapultepec - 8 Sección,78464.0,-7
Cuajimalpa de Morelos,Bosques de las Lomas,21000.0,-8
Coyoacán,Culhuacan CTM,36764.0,-7
Cuauhtémoc,Condesa,65420.0,-6
Alvaro Obregón,Lomas Axomiatla,37871.0,-7
Alvaro Obregón,San Bartolo Ameyalco,76190.0,-7
Miguel Hidalgo,Lomas de Chapultepec,65917.0,-8
Cuajimalpa de Morelos,Cumbres Reforma,73000.0,-8
Cuajimalpa de Morelos,Lomas del Chamizal,58309.0,-8
Cuajimalpa de Morelos,Lomas de Vista Hermosa,55730.0,-7
Cuajimalpa de Morelos,Bosques de las Lomas,48496.0,-8
Cuauhtémoc,Guerrero,42500.0,-7
Benito Juárez,Del Valle Centro,56666.0,-8
Benito Juárez,Nochebuena,32608.0,-8
Alvaro Obregón,Florida,68767.0,-8
Miguel Hidalgo,Reforma Social,60075.0,-7
Coyoacán,Ex-Ejido de San Francisco CulhuacAn,20000.0,-7
Benito Juárez,Narvarte Poniente,40441.0,-8
Alvaro Obregón,San Angel Inn,40268.0,-7
Cuajimalpa de Morelos,Lomas de Vista Hermosa,38333.0,-8
Miguel Hidalgo,Plutarco Elías Calles,27555.0,-1
Miguel Hidalgo,Bosque de las Lomas,67394.0,-8
Miguel Hidalgo,Bosque de las Lomas,58620.0,-8
Miguel Hidalgo,Bosque de las Lomas,35119.0,-7
Miguel Hidalgo,Lomas de Chapultepec,63333.0,-8
Alvaro Obregón,Olivar de los Padres,33214.0,-7
Cuajimalpa de Morelos,San Mateo Tlaltenango,82514.0,-8
Miguel Hidalgo,Bosque de las Lomas,89655.0,-8
Cuajimalpa de Morelos,Contadero,88181.0,-7
Cuajimalpa de Morelos,San Mateo Tlaltenango,85029.0,-7
Cuajimalpa de Morelos,Lomas de Vista Hermosa,21665.0,-7
Miguel Hidalgo,Lomas Altas,65094.0,-8
Alvaro Obregón,San Mateo,64542.0,-7
Alvaro Obregón,Santa Fe La Loma,65699.0,-8
Cuajimalpa de Morelos,Lomas de Vista Hermosa,52500.0,-7
Benito Juárez,Letrán Valle,37615.0,-7
Cuajimalpa de Morelos,La Puntada,106024.0,-8
Cuajimalpa de Morelos,Lomas del Chamizal,69745.0,-8
Alvaro Obregón,Tetelpan,41441.0,-8
Alvaro Obregón,Las Águilas,52500.0,-7
Miguel Hidalgo,Ampliación Granada,86297.0,-7
Miguel Hidalgo,Polanco,107185.0,-8
Miguel Hidalgo,Lomas de Chapultepec - 2 Sección,65753.0,-8
Alvaro Obregón,Santa Fe,51758.0,-8
Cuajimalpa de Morelos,Lomas de Vista Hermosa,104598.0,-8
Cuajimalpa de Morelos,San Mateo Tlaltenango,73208.0,-8
Cuauhtémoc,Buenavista,41666.0,-6
Cuauhtémoc,Felipe Pescador,35000.0,-7
Cuajimalpa de Morelos,Lomas del Chamizal,65287.0,-8
Cuajimalpa de Morelos,Lomas de Vista Hermosa,113669.0,-8
La Magdalena Contreras,San Jerónimo Lídice,41479.0,-7
Alvaro Obregón,Santa Fe,57135.0,-8
Cuajimalpa de Morelos,Santa Fe Cuajimalpa,66317.0,-7
Cuajimalpa de Morelos,Granjas Palo Alto,62295.0,-7
Alvaro Obregón,Santa Fe,26315.0,-7
Coyoacán,Campestre Churubusco,34545.0,-7
Alvaro Obregón,Flor de María,38148.0,-8
Tlalpan,Fuentes del Pedregal,31741.0,-7
Coyoacán,Parque San Andrés,56714.0,-7
Alvaro Obregón,Jardines del Pedregal,74000.0,-8
La Magdalena Contreras,San Jerónimo Lídice,38159.0,-7
Miguel Hidalgo,Lomas de Chapultepec - 1 Sección,67142.0,-8
Miguel Hidalgo,Lomas de Chapultepec - 1 Sección,50901.0,-8
Miguel Hidalgo,Polanco,101851.0,-8
Benito Juárez,Xoco,64629.0,-8
Cuajimalpa de Morelos,Bosques de las Lomas,58153.0,-7
Alvaro Obregón,Torres de Potrero,59045.0,-7
Alvaro Obregón,Villa Verdún,48214.0,-7
Cuajimalpa de Morelos,Lomas del Chamizal,54426.0,-7
Cuajimalpa de Morelos,Lomas del Chamizal,61990.0,-8
Azcapotzalco,Recreo,42312.0,-7
Alvaro Obregón,Las Águilas,56666.0,-7
Miguel Hidalgo,Polanco,113953.0,-8
Miguel Hidalgo,Polanco,77515.0,-6
Cuauhtémoc,Roma Sur,58219.0,-7
Coyoacán,Alianza Popular Revolucionaria,31372.0,-8
Cuauhtémoc,Roma Norte,72234.0,-8
Miguel Hidalgo,Polanco,100000.0,-7
Miguel Hidalgo,Polanco,65696.0,-7
Tláhuac,Quiahuatla,24247.0,-7
Alvaro Obregón,Colina del Sur,22455.0,-7
Alvaro Obregón,Florida,52332.0,-7
Alvaro Obregón,Jardines del Pedregal,57674.0,-8
Miguel Hidalgo,Lomas de Chapultepec - 1 Sección,78464.0,-7
Alvaro Obregón,Jardines del Pedregal,46666.0,-8
Cuajimalpa de Morelos,Bosques de las Lomas,35185.0,-8
Alvaro Obregón,Jardines del Pedregal,55832.0,-7
Alvaro Obregón,Tlacopac,78842.0,-7
Alvaro Obregón,Olivar de los Padres,67613.0,-8
Cuajimalpa de Morelos,San Mateo Tlaltenango,86096.0,-7
Cuajimalpa de Morelos,Lomas del Chamizal,68115.0,-8
Cuajimalpa de Morelos,San Mateo Tlaltenango,70000.0,-7
Cuajimalpa de Morelos,Santa Fe Cuajimalpa,72131.0,-8
Benito Juárez,Álamos,37450.0,-8
Benito Juárez,Del Valle Centro,56701.0,-8
Miguel Hidalgo,Polanco,54040.0,-7
Cuauhtémoc,Juárez,53571.0,-6
Miguel Hidalgo,San Miguel Chapultepec,67903.0,-7
Alvaro Obregón,Paseo de las Lomas,52059.0,-7
Tlalpan,Parque del Pedregal,39094.0,-7
Benito Juárez,Del Valle Centro,54166.0,-8
Cuajimalpa de Morelos,Lomas de Vista Hermosa,83047.0,-8
Miguel Hidalgo,Bosque de las Lomas,80810.0,-7
Iztapalapa,San Miguel,39780.0,-7
Alvaro Obregón,Jardines del Pedregal,38976.0,-7
Miguel Hidalgo,Bosque de las Lomas,49007.0,-8
Azcapotzalco,Nueva Santa Maria,31139.0,-7
Cuajimalpa de Morelos,Bosques de las Lomas,60386.0,-7
Tlalpan,San Miguel Topilejo,9719.0,-7
Alvaro Obregón,Olivar de los Padres,34412.0,57
Miguel Hidalgo,Lomas de Chapultepec - 2 Sección,100977.0,-8
Alvaro Obregón,Olivar de los Padres,32422.0,132
Cuajimalpa de Morelos,Contadero,67812.0,-7
Coyoacán,Barrio San Lucas,49528.0,-7
Alvaro Obregón,Olivar de los Padres,76388.0,-7
Alvaro Obregón,Santa Fe La Loma,55263.0,-8
Cuauhtémoc,Condesa,82500.0,-6
Benito Juárez,Santa Cruz Atoyac,53669.0,-7
Coyoacán,Ex-Ejido de San Francisco CulhuacAn,58490.0,-8
Benito Juárez,Portales Norte,30825.0,-8
Benito Juárez,Santa Cruz Atoyac,61627.0,-8
Benito Juárez,Del Valle Centro,63414.0,-8
Benito Juárez,Narvarte Oriente,29545.0,-8
Alvaro Obregón,Las Águilas,49350.0,-8
Cuauhtémoc,Roma Norte,81618.0,-8
Cuauhtémoc,Roma Norte,67567.0,-8
Benito Juárez,Narvarte Poniente,74600.0,-8
Benito Juárez,Portales Norte,49230.0,-8
Cuajimalpa de Morelos,Contadero,52833.0,-7
Cuajimalpa de Morelos,Contadero,52833.0,-7
La Magdalena Contreras,San Jerónimo Lídice,68468.0,-8
Coyoacán,Los Cedros,57777.0,-8
Coyoacán,Barrio Oxtopulco Universidad,104714.0,-8
Cuajimalpa de Morelos,San Mateo Tlaltenango,85416.0,-8
Alvaro Obregón,Lomas de San Angel Inn,46919.0,-6
Xochimilco,Bosque Residencial del Sur,27647.0,-7
Coyoacán,Jardines del Pedregal de San Ángel,40172.0,-7
Iztapalapa,El Manto,14957.0,-7
Benito Juárez,Del Valle Centro,30224.0,-8
Cuajimalpa de Morelos,Bosques de las Lomas,57971.0,-7
Alvaro Obregón,Merced Gómez,64285.0,-8
Benito Juárez,Narvarte Poniente,40441.0,-8
Iztacalco,Agrícola Oriental,48243.0,-7
Cuauhtémoc,Cuauhtémoc,83333.0,-7
Alvaro Obregón,Los Alpes,69169.0,-7
Alvaro Obregón,Los Alpes,68709.0,-7
Benito Juárez,Portales Norte,47727.0,-7
Cuauhtémoc,Roma Norte,59650.0,-8
Cuauhtémoc,Cuauhtémoc,73119.0,-8
Benito Juárez,Del Valle Centro,34000.0,-8
Azcapotzalco,Del Gas,59713.0,-7
Azcapotzalco,Del Gas,59713.0,-7
Benito Juárez,Tlacoquemecatl,105539.0,-8
Cuajimalpa de Morelos,Contadero,50426.0,-7
Alvaro Obregón,Santa Fe,51500.0,-8
Cuajimalpa de Morelos,El Yaqui,73050.0,-8
Cuajimalpa de Morelos,Lomas del Chamizal,41930.0,-7
Cuajimalpa de Morelos,Lomas de Vista Hermosa,51140.0,-7
Benito Juárez,Portales Norte,53076.0,-7
Cuajimalpa de Morelos,El Yaqui,104437.0,-7
Alvaro Obregón,Ocotillos del Pueblo Tetelpan,38738.0,-8
Miguel Hidalgo,Polanco,103214.0,-7
Benito Juárez,Acacias,56730.0,-7
Alvaro Obregón,Florida,88886.0,-8
Benito Juárez,Letrán Valle,37878.0,-8
Gustavo A. Madero,Valle del Tepeyac,43750.0,8
Alvaro Obregón,Loreto,49295.0,-8
Alvaro Obregón,Paseo de las Lomas,38488.0,-7
Iztapalapa,Xalpa,19642.0,6
Coyoacán,Villa Coyoacán,71388.0,-7
Benito Juárez,Portales Norte,56626.0,-8
Cuauhtémoc,Cuauhtémoc,83333.0,-7
Cuauhtémoc,Juárez,96363.0,-8
Tlalpan,Residencial Hacienda Coapa,57142.0,-8
Cuauhtémoc,Roma Sur,96254.0,-6
Cuajimalpa de Morelos,Bosques de las Lomas,43703.0,-6
Cuajimalpa de Morelos,Santa Fe Cuajimalpa,48285.0,-7
Cuajimalpa de Morelos,Lomas de Memetla,65419.0,-7
Cuajimalpa de Morelos,Lomas de Memetla,65419.0,-7
Tlalpan,Lomas del Pedregal Framboyanes,84935.0,-6
Cuauhtémoc,Tabacalera,90769.0,-6
Cuauhtémoc,Tabacalera,88259.0,-6
Miguel Hidalgo,Ampliación Granada,77777.0,-6
Miguel Hidalgo,Lomas de Chapultepec,48333.0,-6
Cuajimalpa de Morelos,Bosques de las Lomas,60000.0,-6
Miguel Hidalgo,Ampliación Granada,73863.0,-7
Miguel Hidalgo,Ampliación Granada,68148.0,-6
Miguel Hidalgo,Polanco,48301.0,-6
Miguel Hidalgo,Polanco,45728.0,-6
Miguel Hidalgo,Ampliación Granada,86923.0,-6
Cuauhtémoc,Tabacalera,87837.0,-6
Cuajimalpa de Morelos,Lomas de Vista Hermosa,56601.0,-6
Benito Juárez,Del Valle Centro,29999.0,-8
Miguel Hidalgo,Polanco,86419.0,-6
Miguel Hidalgo,Polanco,86206.0,-6
Miguel Hidalgo,Ampliación Granada,78651.0,-6
Benito Juárez,Del Valle Centro,30224.0,-8
Tlalpan,Fuentes de Tepepan,34090.0,-8
Gustavo A. Madero,Residencial Zacatenco,25625.0,-6
Cuajimalpa de Morelos,Contadero,58415.0,-6
Cuajimalpa de Morelos,Lomas del Chamizal,61990.0,-6
Benito Juárez,Albert,54705.0,-6
Benito Juárez,Del Valle Sur,65481.0,-6
Benito Juárez,Narvarte Poniente,52810.0,-6
Benito Juárez,Xoco,85040.0,-6
Miguel Hidalgo,Ampliación Granada,83707.0,-6
Tlalpan,Villa Olímpica,46601.0,-6
Benito Juárez,Narvarte Poniente,51333.0,-6
Miguel Hidalgo,Polanco,114185.0,-6
Miguel Hidalgo,Polanco,105000.0,-6
Cuauhtémoc,Roma Norte,72234.0,-5
Miguel Hidalgo,Polanco,74872.0,-6
Cuauhtémoc,Roma Norte,76387.0,-6
Miguel Hidalgo,Polanco,96000.0,-6
Benito Juárez,Del Valle Centro,62222.0,-6
Cuauhtémoc,Roma Norte,92857.0,-6
Coyoacán,San Pablo Tepetlapa,50967.0,-6
Benito Juárez,Santa Cruz Atoyac,65637.0,-6
Miguel Hidalgo,Lomas de Chapultepec,72886.0,-6
Benito Juárez,Del Valle Centro,58333.0,-6
Gustavo A. Madero,Lindavista Sur,50000.0,3
Alvaro Obregón,Jardines del Pedregal,57142.0,-6
Alvaro Obregón,Villa Verdún,40567.0,-6
Alvaro Obregón,Guadalupe Inn,51282.0,-6
La Magdalena Contreras,San Jerónimo Lídice,47770.0,-6
Alvaro Obregón,San Bartolo Ameyalco,44795.0,-6
Cuajimalpa de Morelos,Lomas de Vista Hermosa,45428.0,-6
Coyoacán,El Reloj,77770.0,-6
Cuauhtémoc,Cuauhtémoc,70000.0,-6
Cuauhtémoc,Santa María la Ribera,48837.0,-6
Azcapotzalco,Santa Inés,39333.0,-7
Cuajimalpa de Morelos,Bosques de las Lomas,40909.0,-6
Cuajimalpa de Morelos,Lomas del Chamizal,59433.0,-6
Benito Juárez,Portales Norte,66076.0,-6
Benito Juárez,Ciudad de los Deportes,91263.0,-6
Cuauhtémoc,Roma Norte,75000.0,-6
Miguel Hidalgo,Lomas Virreyes,76744.0,-6
Miguel Hidalgo,Polanco,50000.0,-6
Cuajimalpa de Morelos,Santa Fe Cuajimalpa,90910.0,-6
Miguel Hidalgo,Ampliación Granada,93888.0,-6
Miguel Hidalgo,Polanco,47445.0,-6
Cuajimalpa de Morelos,Contadero,45000.0,-6
Tlalpan,Jardines en la Montaña,35550.0,-6
Cuajimalpa de Morelos,Lomas de Vista Hermosa,55238.0,-7
Cuauhtémoc,Juárez,96923.0,-6
Cuajimalpa de Morelos,Lomas del Chamizal,44800.0,-6
Cuajimalpa de Morelos,Santa Fe Cuajimalpa,73267.0,-6
Gustavo A. Madero,Lindavista Sur,30134.0,-7
Coyoacán,Insurgentes Cuicuilco,27972.0,-6
Cuajimalpa de Morelos,Cuajimalpa,28088.0,-6
Coyoacán,Los Girasoles,33192.0,-3
Cuajimalpa de Morelos,Lomas de Vista Hermosa,31855.0,-6
Cuajimalpa de Morelos,Contadero,60459.0,-6
La Magdalena Contreras,San Nicolás Totolapan,31410.0,-6
Cuajimalpa de Morelos,Lomas de Vista Hermosa,52884.0,-6
Cuajimalpa de Morelos,Contadero,34236.0,-6
Cuauhtémoc,San Simón Tolnahuac,51562.0,-7
Cuauhtémoc,Morelos,44500.0,-6
Coyoacán,Espartaco,42857.0,-7
Gustavo A. Madero,7 de Noviembre,44705.0,-6
Benito Juárez,San Pedro de los Pinos,66470.0,-6
Benito Juárez,Xoco,58333.0,-6
Benito Juárez,Álamos,50000.0,-6
Benito Juárez,Portales Norte,68640.0,-6
Cuauhtémoc,Santa María la Ribera,64217.0,-6
Cuauhtémoc,Roma Norte,95454.0,-6
Cuauhtémoc,San Simón Tolnahuac,29333.0,-7
Iztapalapa,Desarrollo Urbano Quetzalcoatl,19361.0,-6
Coyoacán,Pedregal de Santo Domingo,46666.0,-6
Cuauhtémoc,San Rafael,86407.0,-6
Alvaro Obregón,Santa Fe La Loma,72996.0,-6
Cuajimalpa de Morelos,Bosques de las Lomas,49438.0,-6
Cuajimalpa de Morelos,Lomas de Vista Hermosa,51730.0,-6
Benito Juárez,Del Valle Sur,54787.0,-6
Coyoacán,Santa Cecilia,32900.0,-6
Miguel Hidalgo,Lomas de Chapultepec,95176.0,-6
Coyoacán,Pedregal de San Francisco,68806.0,-6
Tlalpan,Fuentes del Pedregal,47927.0,-4
Gustavo A. Madero,Lindavista Sur,30134.0,-6
Alvaro Obregón,Jardines del Pedregal,60000.0,-7
Cuajimalpa de Morelos,Bosques de las Lomas,67229.0,-6
Cuajimalpa de Morelos,Bosques de las Lomas,52884.0,-6
Miguel Hidalgo,Lomas de Chapultepec,29429.0,-6
Alvaro Obregón,Santa Fe,67924.0,-6
Miguel Hidalgo,Lomas de Chapultepec,60256.0,-6
Tlalpan,Los Encinos,23500.0,-6
Alvaro Obregón,Las Águilas,56756.0,-7
Benito Juárez,Zacahuitzco,64191.0,-6
Cuauhtémoc,Roma Sur,72916.0,-6
Coyoacán,Pedregal de Santa Ursula,46428.0,-6
Cuauhtémoc,San Rafael,67910.0,-6
Alvaro Obregón,8 de Agosto,60610.0,-6
Benito Juárez,General Pedro María Anaya,71045.0,-6
Cuauhtémoc,Juárez,79710.0,-6
Miguel Hidalgo,Bosque de las Lomas,43571.0,-6
Benito Juárez,Portales Norte,60294.0,-6
Coyoacán,Insurgentes Cuicuilco,33051.0,-6
Cuajimalpa de Morelos,Bosques de las Lomas,56701.0,-6
Cuajimalpa de Morelos,Bosques de las Lomas,67500.0,-6
Alvaro Obregón,Santa Fe,54395.0,-6
Cuajimalpa de Morelos,Santa Fe Cuajimalpa,45714.0,-6
Tlalpan,Chimalcoyoc,31000.0,-6
Alvaro Obregón,San Ángel,54777.0,-6
Xochimilco,Bosque Residencial del Sur,25416.0,-6
Venustiano Carranza,Janitzio,19574.0,-6
Iztapalapa,Valle de Luces,34868.0,-6
Alvaro Obregón,Villa Verdún,35805.0,-6
Miguel Hidalgo,Bosque de las Lomas,36634.0,-6
Venustiano Carranza,Moctezuma,26750.0,-6
Gustavo A. Madero,Lindavista Sur,43589.0,-7
Benito Juárez,Crédito Constructor,51779.0,-6
Cuajimalpa de Morelos,Contadero,39583.0,-6
Cuajimalpa de Morelos,Bosques de las Lomas,84677.0,-6
Alvaro Obregón,San Ángel,76579.0,-6
Benito Juárez,Del Valle Sur,89130.0,-6
Gustavo A. Madero,Lindavista Sur,25666.0,-6
Miguel Hidalgo,Escandón I Sección,76923.0,-6
Cuajimalpa de Morelos,Manzanastitla,40135.0,-6
Miguel Hidalgo,Argentina Poniente,42442.0,-6
Alvaro Obregón,Olivar de los Padres,59549.0,-6
Alvaro Obregón,El Mirador del Pueblo Tetelpan,52556.0,-6
Azcapotzalco,Ampliación Del Gas,55882.0,-6
Benito Juárez,Acacias,62176.0,-6
Benito Juárez,Mixcoac,71970.0,-6
Venustiano Carranza,4 Arboles,30400.0,-6
Cuajimalpa de Morelos,Manzanastitla,38400.0,-6
Cuauhtémoc,Cuauhtémoc,55594.0,-6
Miguel Hidalgo,Anzures,75750.0,-6
Miguel Hidalgo,Polanco,90340.0,-6
Benito Juárez,Portales Norte,70809.0,-6
Cuajimalpa de Morelos,El Yaqui,77049.0,-6
Azcapotzalco,Prados del Rosario,33972.0,-7
Alvaro Obregón,Los Alpes,68840.0,-6
Alvaro Obregón,Los Alpes,73273.0,-6
Cuauhtémoc,Obrera,41818.0,-7
Cuajimalpa de Morelos,Cuajimalpa,34090.0,-7
Cuajimalpa de Morelos,Cuajimalpa,32471.0,-6
Cuajimalpa de Morelos,Cuajimalpa,22885.0,-7
Venustiano Carranza,Jardín Balbuena,35555.0,-7
La Magdalena Contreras,La Guadalupe,27222.0,-7
Cuajimalpa de Morelos,Lomas de Memetla,34236.0,-6
Cuauhtémoc,Hipódromo,56756.0,-6
Benito Juárez,Portales Norte,72950.0,-6
Benito Juárez,Narvarte Oriente,64079.0,-6
Miguel Hidalgo,Anáhuac I Sección,41961.0,-6
Benito Juárez,Ciudad de los Deportes,63324.0,-6
Cuajimalpa de Morelos,Contadero,49985.0,-6
Cuajimalpa de Morelos,El Yaqui,70996.0,-6
Cuajimalpa de Morelos,San José de los Cedros,36153.0,-6
Cuauhtémoc,Centro,69561.0,-6
Cuauhtémoc,Cuauhtémoc,64552.0,-6
Cuauhtémoc,Juárez,65074.0,-6
Iztapalapa,San Miguel,36423.0,-6
Iztapalapa,Tepalcates,18269.0,-6
Gustavo A. Madero,Residencial Zacatenco,48000.0,-6
Cuauhtémoc,Roma Norte,747.0,-6
Cuauhtémoc,San Rafael,52000.0,-7
Cuajimalpa de Morelos,San José de los Cedros,24444.0,-6
Benito Juárez,Atenor Salas,55000.0,-6
Cuajimalpa de Morelos,Contadero,36889.0,-7
Cuajimalpa de Morelos,Lomas de Memetla,22935.0,-7
Benito Juárez,San Juan,64411.0,-6
Coyoacán,Campestre Coyoacán,28571.0,-6
Cuajimalpa de Morelos,Cuajimalpa,32471.0,-6
Venustiano Carranza,Aquiles Serdán,41176.0,-7
Tlalpan,Héroes de Padierna,28387.0,-7
Coyoacán,Avante,18801.0,-6
La Magdalena Contreras,Lomas Quebradas,33081.0,-6
Cuajimalpa de Morelos,Cuajimalpa,39583.0,-7
Cuajimalpa de Morelos,Contadero,14564.0,-7
Cuajimalpa de Morelos,Cuajimalpa,41584.0,-7
Coyoacán,El Reloj,70883.0,-6
Miguel Hidalgo,Polanco,72727.0,-6
Cuajimalpa de Morelos,Santa Fe Cuajimalpa,78947.0,-6
Cuauhtémoc,Condesa,64271.0,-6
Alvaro Obregón,Miguel Hidalgo,78089.0,-6
Benito Juárez,San Juan,53012.0,-6
Iztacalco,Agrícola Pantitlan,33280.0,-6
Alvaro Obregón,Olivar de los Padres,54244.0,-6
Cuajimalpa de Morelos,Cuajimalpa,44954.0,-7
Cuajimalpa de Morelos,Manzanastitla,39260.0,-6
Cuajimalpa de Morelos,Cuajimalpa,36615.0,-6
Cuauhtémoc,Atlampa,47540.0,-6
Cuauhtémoc,Juárez,98301.0,-6
Iztapalapa,Unidad Ejército Constitucionalista,25000.0,-6
Benito Juárez,Del Valle Norte,62400.0,-6
Alvaro Obregón,Miguel Hidalgo,71000.0,-6
Benito Juárez,Nápoles,61946.0,-6
Gustavo A. Madero,Industrial,37721.0,-7
Cuajimalpa de Morelos,Santa Fe Cuajimalpa,82237.0,-7
Miguel Hidalgo,Argentina Poniente,30508.0,-6
Cuauhtémoc,Doctores,58190.0,-6
Miguel Hidalgo,Granada,84444.0,-7
Alvaro Obregón,Los Alpes,64297.0,-6
Cuajimalpa de Morelos,Lomas de Vista Hermosa,50000.0,-7
Iztapalapa,Tepalcates,16080.0,-6
Iztapalapa,Paseos de Churubusco,30000.0,-6
Gustavo A. Madero,San Juan de Aragón I Secc,21428.0,-6
Cuajimalpa de Morelos,Abdías García Soto,39583.0,-7
Cuajimalpa de Morelos,Manzanastitla,39951.0,-6
Cuauhtémoc,San Rafael,74218.0,-6
Benito Juárez,Del Valle Sur,83582.0,-6
Alvaro Obregón,Los Alpes,76400.0,-6
Cuajimalpa de Morelos,Bosques de las Lomas,61881.0,-6
Azcapotzalco,Coltongo,51230.0,-6
Cuajimalpa de Morelos,Manzanastitla,55714.0,-6
Cuajimalpa de Morelos,El Yaqui,57425.0,-6
Cuauhtémoc,Centro,37026.0,-6
Cuauhtémoc,Doctores,58032.0,-6
Miguel Hidalgo,Polanco,91690.0,-6
Miguel Hidalgo,Polanco,34615.0,-6
Benito Juárez,Narvarte Poniente,60979.0,-6
Iztapalapa,Santa María Tomatlán,25833.0,-6
Iztapalapa,Albarrada,24218.0,-6
Benito Juárez,Portales Oriente,67432.0,-6
Miguel Hidalgo,Reforma Social,43103.0,-6
Cuajimalpa de Morelos,La Navidad,37500.0,-6
Alvaro Obregón,Los Alpes,63397.0,-6
Cuajimalpa de Morelos,Santa Fe Cuajimalpa,78421.0,-6
Coyoacán,Del Carmen,73214.0,-6
Cuauhtémoc,Nonoalco Tlatelolco,35087.0,-6
Venustiano Carranza,Jardín Balbuena,41290.0,-6
Miguel Hidalgo,Lomas de Chapultepec - 3 Sección,78464.0,-6
Miguel Hidalgo,Lomas de Chapultepec - 7 Sección,78464.0,-6
Miguel Hidalgo,Lomas de Chapultepec - 2 Sección,78464.0,-6
Coyoacán,Alianza Popular Revolucionaria,32994.0,-6
Alvaro Obregón,Paseo de las Lomas,47413.0,-7
Xochimilco,San Marcos,29880.0,-6
Alvaro Obregón,San Bartolo Ameyalco,42857.0,-6
Coyoacán,Del Carmen,71568.0,-6
Cuauhtémoc,Hipódromo,92063.0,-7
Tlalpan,Vergel Coapa,66153.0,-6
Cuajimalpa de Morelos,Manzanastitla,40351.0,-6
Benito Juárez,Narvarte Poniente,61756.0,-6
Coyoacán,Campestre Churubusco,55076.0,-6
Alvaro Obregón,Guadalupe Inn,74418.0,-6
Benito Juárez,Del Valle Norte,76153.0,-6
Benito Juárez,Insurgentes Mixcoac,67727.0,-6
Benito Juárez,Postal,50615.0,-6
Benito Juárez,Xoco,101511.0,-6
Cuajimalpa de Morelos,Santa Fe Cuajimalpa,51285.0,-6
Cuajimalpa de Morelos,Lomas de Vista Hermosa,66933.0,-7
Miguel Hidalgo,Polanco,62222.0,-6
Cuauhtémoc,Roma Norte,82592.0,-6
Benito Juárez,San José Insurgentes,70038.0,-6
Cuajimalpa de Morelos,Santa Fe Cuajimalpa,54872.0,-6
Benito Juárez,Del Valle Centro,51250.0,-7
Coyoacán,Pedregal de Santo Domingo,47000.0,-7
Benito Juárez,Del Valle Sur,97222.0,-6
Benito Juárez,Portales Oriente,57826.0,-6
Alvaro Obregón,Los Alpes,68653.0,-6
Cuajimalpa de Morelos,Cuajimalpa,52083.0,-7
Miguel Hidalgo,Granada,68259.0,-6
Miguel Hidalgo,Mariano Escobedo,102672.0,-6
Coyoacán,Campestre Coyoacán,34583.0,-6
Venustiano Carranza,Janitzio,28118.0,-7
Iztapalapa,Paseos de Churubusco,28333.0,-6
Cuajimalpa de Morelos,Contadero,18996.0,-7
Miguel Hidalgo,Polanco,110416.0,-7
Coyoacán,El Reloj,65705.0,-6
Benito Juárez,Portales Norte,46590.0,-6
Iztapalapa,Lomas Estrella,30036.0,-6
Cuajimalpa de Morelos,Santa Fe Cuajimalpa,79113.0,-6
Benito Juárez,Narvarte Poniente,42391.0,-6
Benito Juárez,San Pedro de los Pinos,66470.0,-6
Benito Juárez,Del Valle Sur,83582.0,-6
La Magdalena Contreras,San Bernabé Ocotepec,40000.0,-6
Alvaro Obregón,Alcantarilla,44554.0,-6
Benito Juárez,Nápoles,62105.0,-6
Cuajimalpa de Morelos,Santa Fe Cuajimalpa,91300.0,-6
Cuajimalpa de Morelos,Santa Fe Cuajimalpa,94869.0,-6
Cuauhtémoc,Roma Norte,78977.0,-6
Miguel Hidalgo,Polanco,76000.0,-6
Benito Juárez,Nápoles,56440.0,-6
Alvaro Obregón,Ampliación Alpes,49019.0,-6
Benito Juárez,San Simón Ticumac,48461.0,-6
Benito Juárez,Narvarte Oriente,54740.0,-6
Coyoacán,Ex-Hacienda Coapa,50000.0,-6
Tlalpan,Miguel Hidalgo 4A Sección,153.0,-6
Cuauhtémoc,Santa María la Ribera,47777.0,-7
Cuauhtémoc,Colonia Renacimiento,40425.0,-7
Benito Juárez,Acacias,59027.0,-6
Miguel Hidalgo,Argentina Poniente,39830.0,-7
Alvaro Obregón,San Ángel,81504.0,-6
Miguel Hidalgo,Escandón II Sección,46391.0,-6
Tlalpan,Héroes de Padierna,30600.0,-6
Benito Juárez,Nápoles,56440.0,-6
Benito Juárez,Narvarte Poniente,46495.0,-5
Benito Juárez,Insurgentes Mixcoac,56697.0,-5
Benito Juárez,Insurgentes Mixcoac,75155.0,-5
La Magdalena Contreras,Unidad Independencia IMSS,28484.0,-6
Benito Juárez,Zacahuitzco,55230.0,-6
Miguel Hidalgo,Ampliación Granada,91666.0,-6
Miguel Hidalgo,Polanco,115020.0,-5
Cuajimalpa de Morelos,Santa Fe Cuajimalpa,101864.0,-6
Cuajimalpa de Morelos,Santa Fe Cuajimalpa,90910.0,-6
Tláhuac,Los Olivos,26098.0,-6
Cuajimalpa de Morelos,Manzanastitla,38000.0,-5
Benito Juárez,Insurgentes Mixcoac,55205.0,-5
Miguel Hidalgo,Polanco,44333.0,-6
Alvaro Obregón,San Agustín,56250.0,-6
Benito Juárez,Letrán Valle,40517.0,-6
Gustavo A. Madero,Aragón FOVISSSTE,25000.0,-5
Alvaro Obregón,Los Alpes,60000.0,-5
Miguel Hidalgo,Bosque de las Lomas,38674.0,-5
Alvaro Obregón,Jardines del Pedregal,21314.0,-5
Tlalpan,Lomas de Padierna,45889.0,-5
Miguel Hidalgo,Agricultura,34523.0,-6
Coyoacán,Campestre Churubusco,37215.0,-6
Miguel Hidalgo,Lomas de Chapultepec - 1 Sección,68144.0,-5
Coyoacán,Avante,37804.0,-6
Gustavo A. Madero,San Juan de Aragón IV Secc,41071.0,-6
Xochimilco,Santa María Tepepan,3207.0,-6
Cuajimalpa de Morelos,Bosques de las Lomas,40263.0,-5
Coyoacán,Parque San Andrés,39583.0,-5
Cuajimalpa de Morelos,Bosques de las Lomas,50390.0,-5
Benito Juárez,Atenor Salas,57692.0,-5
Benito Juárez,Extremadura Insurgentes,62500.0,-5
Benito Juárez,Independencia,42500.0,-5
Gustavo A. Madero,Mártires de Río Blanco,38043.0,-5
Cuauhtémoc,Cuauhtémoc,54395.0,-5
Miguel Hidalgo,Polanco,110526.0,-5
Benito Juárez,Narvarte Poniente,43421.0,-5
Benito Juárez,Santa Cruz Atoyac,53809.0,-5
Benito Juárez,Xoco,67567.0,-5
Benito Juárez,Del Valle Norte,48811.0,-5
Tlalpan,Ampliación Fuentes del Pedregal,74519.0,-5
Benito Juárez,Mixcoac,61264.0,-5
Benito Juárez,Insurgentes Mixcoac,70476.0,-5
Miguel Hidalgo,Polanco,90000.0,-5
Cuauhtémoc,Roma Norte,80729.0,-5
Alvaro Obregón,Merced Gómez,73516.0,-5
Coyoacán,Pedregal de Santa Ursula,48000.0,-5
Azcapotzalco,San Andrés,44833.0,-5
Alvaro Obregón,Los Alpes,63855.0,-5
Tlalpan,Ex Hacienda San Juan de Dios,41538.0,-6
Venustiano Carranza,Jardín Balbuena,47619.0,-5
Tlalpan,Toriello Guerra,53181.0,-5
Miguel Hidalgo,Anáhuac II Sección,58441.0,-5
Coyoacán,San Pablo Tepetlapa,64453.0,-5
Cuauhtémoc,Hipódromo,91208.0,-5
Miguel Hidalgo,Bosque de las Lomas,45000.0,-6
Tlalpan,Jardines en la Montaña,55390.0,-5
Azcapotzalco,Santa Inés,50887.0,-5
Alvaro Obregón,San Clemente Norte,41379.0,-5
Miguel Hidalgo,Ampliación Granada,57031.0,-5
Cuauhtémoc,Centro (Area 4),54077.0,-5
Cuauhtémoc,Juárez,94000.0,-5
Cuauhtémoc,Hipódromo,65000.0,-5
Coyoacán,Pueblo de Santa Ursula Coapa,47000.0,-5
Cuauhtémoc,Roma Norte,87000.0,-6
Cuajimalpa de Morelos,Lomas de Vista Hermosa,62330.0,-5
Cuajimalpa de Morelos,Lomas de Vista Hermosa,60256.0,-5
Benito Juárez,Narvarte Poniente,46644.0,-5
Miguel Hidalgo,Polanco,65789.0,-5
Benito Juárez,Portales Oriente,51764.0,-6
Benito Juárez,Narvarte Oriente,41666.0,-5
Benito Juárez,Portales Oriente,67763.0,-6
Alvaro Obregón,Dos Ríos del Pueblo Santa Lucía,40662.0,-5
Tlalpan,Paraje 38,23809.0,-5
Coyoacán,Pedregal de Coyoacán,61111.0,-5
Benito Juárez,Nochebuena,62352.0,-5
Miguel Hidalgo,Bosque de las Lomas,42787.0,-5
Coyoacán,El Rosedal,45156.0,-4
La Magdalena Contreras,San Jerónimo Lídice,49107.0,27
Alvaro Obregón,Lomas de las Aguilas,48768.0,-5
Miguel Hidalgo,Bosque de las Lomas,71428.0,-5
Coyoacán,Los Girasoles,38823.0,-6
Cuauhtémoc,Hipódromo,708.0,-6
Benito Juárez,Vertiz Narvarte,51219.0,-5
Benito Juárez,Nochebuena,62631.0,-5
Alvaro Obregón,San José del Olivar,94339.0,-5
Alvaro Obregón,Guadalupe Inn,76021.0,-5
Cuauhtémoc,Roma Sur,53333.0,-5
Cuauhtémoc,San Rafael,55512.0,-5
Benito Juárez,Ampliación Nápoles,60000.0,-5
Cuajimalpa de Morelos,Bosques de las Lomas,34693.0,-5
Cuajimalpa de Morelos,Lomas del Chamizal,50364.0,-6
Cuajimalpa de Morelos,Lomas del Chamizal,52955.0,-6
Benito Juárez,Narvarte Poniente,72726.0,-5
Cuajimalpa de Morelos,Lomas de Vista Hermosa,41636.0,-5
Cuajimalpa de Morelos,Bosques de las Lomas,41636.0,-5
Venustiano Carranza,Emilio Carranza,36993.0,-5
Azcapotzalco,San Antonio,36096.0,-5
Tlalpan,Héroes de Padierna,21000.0,-5
Alvaro Obregón,Las Águilas,48768.0,-5
Cuauhtémoc,Roma Sur,22443.0,-5
Alvaro Obregón,Florida,56410.0,-5
Alvaro Obregón,Tetelpan,41818.0,-5
Alvaro Obregón,Jardines del Pedregal,67024.0,-5
Alvaro Obregón,Tetelpan,35798.0,-5
Alvaro Obregón,San Bartolo Ameyalco,57201.0,-5
La Magdalena Contreras,San Jerónimo Lídice,54817.0,-5
La Magdalena Contreras,San Jerónimo Lídice,49444.0,-4
La Magdalena Contreras,San Jerónimo Lídice,31600.0,-5
Alvaro Obregón,Los Alpes,67555.0,-4
Coyoacán,Culhuacán CTM Sección VIII,25000.0,-5
Miguel Hidalgo,Lomas de Bezares,54000.0,-5
Benito Juárez,General Pedro María Anaya,67500.0,-5
Benito Juárez,Acacias,62176.0,-5
Alvaro Obregón,Miguel Hidalgo,78089.0,-5
Benito Juárez,San Juan,30508.0,-5
Benito Juárez,Del Valle Centro,61111.0,-5
Tlalpan,Fuentes del Pedregal,90439.0,-5
Alvaro Obregón,Guadalupe Inn,71929.0,-5
Cuajimalpa de Morelos,Manzanastitla,47142.0,-5
Cuajimalpa de Morelos,Manzanastitla,38400.0,-5
Cuauhtémoc,Roma Sur,80734.0,-5
Alvaro Obregón,San José del Olivar,37410.0,-5
Benito Juárez,Santa Cruz Atoyac,69136.0,-5
Cuauhtémoc,Santa María la Ribera,29411.0,-5
Miguel Hidalgo,Granada,78947.0,-5
Benito Juárez,Acacias,88380.0,-6
Coyoacán,Campestre Churubusco,26633.0,-5
Venustiano Carranza,Moctezuma,24532.0,-5
La Magdalena Contreras,El Ocotal,11600.0,-5
Coyoacán,Campestre Coyoacán,33208.0,-5
Coyoacán,Pedregal de Santo Domingo,18895.0,-5
Alvaro Obregón,Jardines del Pedregal,26227.0,-6
Tlalpan,Isidro Fabela,20312.0,-5
Tlalpan,Toriello Guerra,34660.0,-6
Gustavo A. Madero,Lindavista Norte,25651.0,-5
Alvaro Obregón,Miguel Hidalgo,45084.0,-5
Cuajimalpa de Morelos,Contadero,65000.0,-5
Cuauhtémoc,Cuauhtémoc,64552.0,-5
Benito Juárez,Del Valle Centro,52666.0,-5
Benito Juárez,Extremadura Insurgentes,43086.0,-5
Cuauhtémoc,Hipódromo Condesa,70879.0,-5
Benito Juárez,Nápoles,70242.0,-5
Alvaro Obregón,Olivar de los Padres,64285.0,-5
Azcapotzalco,Ampliación Del Gas,51176.0,-5
Miguel Hidalgo,San Lorenzo Tlaltenango,45833.0,-5
Coyoacán,Pueblo de Santa Ursula Coapa,55654.0,-5
Cuajimalpa de Morelos,Santa Fe Cuajimalpa,45573.0,-5
Cuauhtémoc,Roma Norte,109750.0,-6
Cuauhtémoc,Tabacalera,107692.0,-4
Tlalpan,Toriello Guerra,71721.0,-5
Miguel Hidalgo,Lomas de Chapultepec - 8 Sección,65789.0,-5
Gustavo A. Madero,San Juan de Aragón I Secc,20000.0,-5
Tlalpan,Cruz del Farol,12783.0,-5
Cuajimalpa de Morelos,Lomas de Vista Hermosa,39678.0,-5
Gustavo A. Madero,Valle del Tepeyac,31914.0,-5
Cuajimalpa de Morelos,Lomas de Vista Hermosa,28723.0,-5
Alvaro Obregón,Jardines del Pedregal,52142.0,-5
Tlalpan,Colinas del Bosque,39888.0,-5
Tlalpan,Vistas del Pedregal,14536.0,-6
Coyoacán,Campestre Churubusco,37500.0,-5
Venustiano Carranza,Jardín Balbuena,37451.0,-6
Cuajimalpa de Morelos,Cuajimalpa,27032.0,-5
La Magdalena Contreras,Pueblo Nuevo Bajo,36111.0,-5
Miguel Hidalgo,Anzures,59853.0,-5
Cuauhtémoc,Buenavista,67409.0,-5
Benito Juárez,Del Valle Centro,50555.0,-6
Cuajimalpa de Morelos,Contadero,52833.0,-5
Cuauhtémoc,Cuauhtémoc,57000.0,-5
Coyoacán,El Reloj,75913.0,-5
Tlalpan,Fuentes del Pedregal,36506.0,-5
Alvaro Obregón,Los Alpes,92320.0,-5
Benito Juárez,Portales Norte,66076.0,-5
Benito Juárez,Portales Norte,65350.0,-5
Cuauhtémoc,Roma Norte,82083.0,-5
Azcapotzalco,Hogares Ferrocarrileros,42741.0,-5
Miguel Hidalgo,Lomas de Bezares,68833.0,-5
Alvaro Obregón,Lomas de Santa Fe,75257.0,-5
Cuajimalpa de Morelos,Bosques de las Lomas,36231.0,-5
Iztapalapa,San José,33095.0,-6
Alvaro Obregón,Torres de Potrero,69767.0,-3
Cuauhtémoc,San Rafael,64655.0,-5
Iztapalapa,Xalpa,25462.0,-5
Miguel Hidalgo,Lomas de Chapultepec - 1 Sección,81850.0,-5
La Magdalena Contreras,Lomas Quebradas,34246.0,-6
Alvaro Obregón,Jardines del Pedregal,65189.0,-5
Miguel Hidalgo,Lomas de Chapultepec,79646.0,-5
Benito Juárez,Portales Sur,52962.0,-6
Tlalpan,Héroes de Padierna,25238.0,-5
La Magdalena Contreras,Barrio San Francisco,26677.0,-5
Miguel Hidalgo,Real de las Lomas,77572.0,-5
Coyoacán,Los Girasoles,40000.0,-5
Benito Juárez,San José Insurgentes,70454.0,-5
Cuajimalpa de Morelos,Manzanastitla,50473.0,-5
Alvaro Obregón,Los Alpes,72500.0,-5
Miguel Hidalgo,Granada,80029.0,-5
Alvaro Obregón,Guadalupe Inn,66666.0,-5
Alvaro Obregón,Lomas de Santa Fe,46385.0,-5
Cuajimalpa de Morelos,Manzanastitla,40674.0,-5
Cuauhtémoc,Roma Norte,80885.0,-5
Miguel Hidalgo,Verónica Anzures,71815.0,-5
Cuauhtémoc,Santa María la Ribera,56962.0,-5
Alvaro Obregón,Carola,43965.0,-6
Benito Juárez,Mixcoac,40430.0,-5
Xochimilco,Santa Inés,17500.0,-5
Alvaro Obregón,Florida,53030.0,-5
Coyoacán,Barrio San Lucas,46875.0,-5
Tlalpan,Zacayucan Peña Pobre,356.0,-6
Alvaro Obregón,Guadalupe Inn,90000.0,-5
Benito Juárez,Santa Cruz Atoyac,69387.0,-5
Gustavo A. Madero,El Arbolillo,23076.0,2
Cuauhtémoc,Centro (Area 4),55681.0,-5
Cuauhtémoc,Doctores,55780.0,-5
Tlalpan,Granjas Coapa,43421.0,-5
Iztacalco,Granjas México,61733.0,-5
Cuauhtémoc,Juárez,53571.0,-5
Miguel Hidalgo,Polanco,65789.0,-5
Cuajimalpa de Morelos,Santa Fe Cuajimalpa,85156.0,-5
Benito Juárez,Piedad Narvarte,57058.0,-5
Alvaro Obregón,Paseo de las Lomas,51282.0,-5
Coyoacán,Pedregal de Carrasco,36507.0,-5
Cuauhtémoc,Atlampa,37291.0,-6
Iztacalco,Agrícola Oriental,39138.0,-5
Venustiano Carranza,Moctezuma,29083.0,-4
Cuajimalpa de Morelos,Bosques de las Lomas,42787.0,-5
Cuajimalpa de Morelos,Cooperativa Palo Alto,58659.0,-6
Cuajimalpa de Morelos,Lomas de Vista Hermosa,45000.0,-6
Benito Juárez,Insurgentes Mixcoac,34615.0,-3
Miguel Hidalgo,Anáhuac I Sección,69379.0,-5
Cuauhtémoc,Obrera,52322.0,0
Azcapotzalco,Ampliación Del Gas,55882.0,-5
Benito Juárez,Del Valle Sur,65481.0,-5
Cuajimalpa de Morelos,Lomas de Vista Hermosa,66933.0,-5
Benito Juárez,Niños Héroes,61333.0,-5
Benito Juárez,Portales Norte,72294.0,-5
Alvaro Obregón,Santa Fe,48142.0,-5
Cuauhtémoc,Tránsito,56221.0,-5
Alvaro Obregón,Olivar del Conde,47260.0,-5
Iztacalco,Agrícola Oriental,41875.0,-5
Venustiano Carranza,Ampliación Aviación Civil,38971.0,-5
Iztapalapa,Granjas Estrella,41379.0,-5
Alvaro Obregón,Campestre,51188.0,-5
Cuajimalpa de Morelos,Adolfo López Mateos,32471.0,-5
Alvaro Obregón,Jardines del Pedregal,50454.0,-5
Alvaro Obregón,Las Águilas,43750.0,-5
Alvaro Obregón,Santa María Nonoalco,38888.0,-5
Tlalpan,Bosques del Pedregal,29990.0,-5
Benito Juárez,Del Valle Sur,45428.0,-5
Miguel Hidalgo,Loma Hermosa,65000.0,-5
Cuauhtémoc,Juárez,45833.0,-6
Miguel Hidalgo,Lomas de Bezares,70079.0,-5
Miguel Hidalgo,Polanco,102424.0,-5
Miguel Hidalgo,Polanco,59850.0,-5
Benito Juárez,Portales Norte,56730.0,-5
Cuauhtémoc,Tabacalera,60897.0,-5
Alvaro Obregón,Carola,43103.0,-6
Tlalpan,Fuentes del Pedregal,104430.0,-5
Cuajimalpa de Morelos,Santa Fe Cuajimalpa,76950.0,-5
Miguel Hidalgo,Polanco,81395.0,-5
Miguel Hidalgo,Polanco,97500.0,-6
Cuajimalpa de Morelos,Bosques de las Lomas,38674.0,-5
Coyoacán,Jardines del Pedregal de San Ángel,25555.0,-5
Benito Juárez,Atenor Salas,34000.0,-5
Coyoacán,Espartaco,3000.0,-5
Cuajimalpa de Morelos,Bosques de las Lomas,71428.0,-5
Benito Juárez,Portales Norte,49230.0,-5
Benito Juárez,Nápoles,56497.0,-5
Alvaro Obregón,Colina del Sur,28376.0,-5
Cuajimalpa de Morelos,Adolfo López Mateos,40135.0,-5
Benito Juárez,Portales Norte,49230.0,-5
Iztapalapa,Lomas Estrella,30036.0,-5
Iztapalapa,San Miguel,36423.0,-5
Benito Juárez,Nápoles,56497.0,-5
Benito Juárez,Del Valle Sur,91406.0,-5
Cuauhtémoc,Hipódromo,91208.0,-5
Alvaro Obregón,Olivar de los Padres,23296.0,-5
Benito Juárez,Nápoles,50781.0,-5
Alvaro Obregón,San Clemente Norte,32857.0,-5
Miguel Hidalgo,San Lorenzo Tlaltenango,45694.0,-5
La Magdalena Contreras,San Jerónimo Aculco,47342.0,-5
Xochimilco,La Noria,33333.0,-5
Miguel Hidalgo,Polanco,115384.0,-5
Tlalpan,Residencial Villa Coapa,29012.0,-5
Tlalpan,Pedregal del Lago,38209.0,-5
Alvaro Obregón,Las Águilas,33450.0,-5
Alvaro Obregón,Jardines del Pedregal,31746.0,-5
Cuajimalpa de Morelos,San Mateo Tlaltenango,82618.0,-5
Benito Juárez,Acacias,50006.0,-6
Tlalpan,Rinconada Coapa,52631.0,-4
Coyoacán,Paseos de Taxqueña,47750.0,-6
Alvaro Obregón,Tetelpan,32375.0,-5
Alvaro Obregón,Bosques de Tarango,50400.0,-5
