municipio,colonia,conteo,precio_m2_mediana,precio_m2_promedio,precio_m2_std,edad_dias_promedio,precio_m2_cv
El Marqués,Capital Sur,10,22017.0,20532.2,2897.0342612939717,7.9,0.14109711873515607
El Marqués,Fraccionamiento Desarrollo Habitacional Zibata,12,25727.5,25355.25,4517.282150002065,10.416666666666666,0.1781596375504901
El Marqués,Fraccionamiento El Mirador,31,23325.0,22897.83870967742,2891.7836606124165,8.870967741935484,0.12629068172229935
El Marqués,Fraccionamiento Zarú,43,26288.0,26183.883720930233,3490.7655335136424,11.790697674418604,0.13331733255152212
El Marqués,Fraccionamiento Zizana,16,23611.0,23292.5625,1737.2791358424051,7.1875,0.07458514432846988
El Marqués,Zibatá,184,25346.5,25952.494565217392,5030.579898996622,8.782608695652174,0.19383800992058828
El Marqués,Zákia,99,24690.0,24858.333333333332,3417.663642828271,14.292929292929292,0.13748563095521038
Querétaro,Altozano el Nuevo Querétaro,66,29140.0,30834.28787878788,4859.210774047576,8.848484848484848,0.1575911463611397
Querétaro,Colinas del Cimatario,10,21893.0,24484.3,4717.626381749384,11.2,0.19267965111313715
Querétaro,El Campanario,14,36860.0,33153.357142857145,8437.191618133305,9.357142857142858,0.2544898117490068
Querétaro,Fraccionamiento Cumbres del Lago,26,23770.0,25586.03846153846,5579.933472583839,7.538461538461538,0.2180850889039242
Querétaro,Fraccionamiento Sonterra,12,20291.0,20563.916666666668,3188.516567545972,6.916666666666667,0.15505395296191007
Querétaro,Jurica,35,26612.0,28601.77142857143,6974.0322503248735,8.971428571428572,0.24383217898728607
Querétaro,Juriquilla,178,23192.0,24680.35393258427,5993.060823808298,10.106741573033707,0.2428271831181461
Querétaro,Juriquilla Santa Fe,12,22828.5,26391.916666666668,6135.034762564821,7.666666666666667,0.23245885624947615
Querétaro,La Vista Residencial,17,26250.0,26330.29411764706,4597.480040259907,9.058823529411764,0.1746080017077587
Querétaro,Lomas de Juriquilla,10,21340.0,23201.4,5889.3677495032425,7.3,0.2538367404339067
Querétaro,Lomas del Campanario I,20,32520.5,32806.6,4084.3086434226334,9.6,0.12449655384656239
Querétaro,Milenio III,43,24464.0,24810.674418604653,4642.914585026718,9.279069767441861,0.18713375165429438
Querétaro,Nuevo Refugio,19,24709.0,24995.842105263157,3547.5306946155897,11.052631578947368,0.1419248321251244
Querétaro,Real de Juriquilla,10,20377.0,20260.9,4166.839928397645,8.2,0.20565917251443147
Querétaro,Residencial El Refugio,68,23966.0,25018.83823529412,5217.71914374412,9.705882352941176,0.20855161597325786
Querétaro,Valle de Juriquilla,18,21812.0,23197.88888888889,3520.2253418661057,10.333333333333334,0.15174765939810111
