municipio,colonia,conteo,precio_m2_mediana,precio_m2_promedio,precio_m2_std,edad_dias_promedio,precio_m2_cv,ln(1+n)
Alvaro Obregón,Jardines del Pedregal,25,50781.0,49656.64,14603.400999082369,-6.96,0.29408757819865317,3.258096538021482
Alvaro Obregón,Los Alpes,18,68243.0,68388.61111111111,7607.8597062812305,-6.277777777777778,0.11124454178372954,2.9444389791664403
Alvaro Obregón,Olivar de los Padres,13,54244.0,51205.07692307692,16125.643638118441,8.384615384615385,0.3149227499910462,2.6390573296152584
Alvaro Obregón,Santa Fe,18,51629.0,55628.555555555555,15891.868528283936,-7.555555555555555,0.28567825228560756,2.9444389791664403
Benito Juárez,Del Valle Centro,22,50902.5,48546.77272727273,10570.897974794123,-7.409090909090909,0.2177466674083482,3.1354942159291497
Benito Juárez,Del Valle Sur,10,74531.5,72895.6,18318.937373354627,-6.0,0.2513037463626697,2.3978952727983707
Benito Juárez,Narvarte Poniente,15,52810.0,55592.8,13076.725568734704,-6.6,0.2352233664923282,2.772588722239781
Benito Juárez,Nápoles,13,56497.0,61513.92307692308,11517.558946101519,-6.384615384615385,0.18723499282753966,2.6390573296152584
Benito Juárez,Portales Norte,23,55844.0,55399.86956521739,12226.489603629816,-6.826086956521739,0.2206952777972996,3.1780538303479458
Cuajimalpa de Morelos,Bosques de las Lomas,61,50390.0,52847.688524590165,16024.36613155206,-7.377049180327869,0.30321791887067834,4.127134385045092
Cuajimalpa de Morelos,Contadero,32,50205.5,47137.75,19963.391597234076,-7.25,0.423511762806542,3.4965075614664802
Cuajimalpa de Morelos,Cuajimalpa,24,35234.0,35358.708333333336,9906.348936871644,-7.291666666666667,0.28016716118367757,3.2188758248682006
Cuajimalpa de Morelos,El Yaqui,12,68210.0,61382.333333333336,21952.86402244315,-7.75,0.3576414064162297,2.5649493574615367
Cuajimalpa de Morelos,Lomas de Vista Hermosa,41,52884.0,56628.439024390245,19056.51643670582,-7.121951219512195,0.33651848373390714,3.7376696182833684
Cuajimalpa de Morelos,Lomas del Chamizal,18,58956.0,57993.61111111111,8140.926100944887,-7.444444444444445,0.14037625774583212,2.9444389791664403
Cuajimalpa de Morelos,Manzanastitla,15,40135.0,41704.26666666667,5881.367630876666,-6.266666666666667,0.1410255616741852,2.772588722239781
Cuajimalpa de Morelos,San Mateo Tlaltenango,26,71604.0,75300.53846153847,24599.646391329723,-7.730769230769231,0.32668619499838736,3.295836866004329
Cuajimalpa de Morelos,Santa Fe Cuajimalpa,33,73267.0,69399.21212121213,21008.401875436608,-5.484848484848484,0.3027181611045309,3.5263605246161616
Cuauhtémoc,Cuauhtémoc,11,70000.0,68385.54545454546,10278.583942972267,-6.545454545454546,0.15030345776512438,2.4849066497880004
Cuauhtémoc,Juárez,11,79710.0,77419.72727272728,19802.344321271197,-6.545454545454546,0.25577905036416976,2.4849066497880004
Cuauhtémoc,Roma Norte,24,81618.0,79106.41666666667,21645.077425949814,-6.833333333333333,0.27361974335351824,3.2188758248682006
Cuauhtémoc,San Rafael,11,67910.0,72413.09090909091,18789.546612169997,-6.909090909090909,0.25947720745353675,2.4849066497880004
La Magdalena Contreras,San Jerónimo Lídice,11,45454.0,45045.90909090909,10720.59343930685,-3.4545454545454546,0.23799260922165336,2.4849066497880004
Miguel Hidalgo,Ampliación Granada,11,78651.0,79136.36363636363,10909.060942837628,-6.181818181818182,0.13785143063895913,2.4849066497880004
Miguel Hidalgo,Bosque de las Lomas,37,49090.0,52976.43243243243,19565.806977906548,-7.72972972972973,0.369330399944566,3.6375861597263857
Miguel Hidalgo,Lomas de Chapultepec,17,60256.0,57869.0,17626.253902205084,-7.176470588235294,0.3045888800947845,2.8903717578961645
Miguel Hidalgo,Polanco,68,90170.0,85333.86764705883,23575.002491511183,-7.014705882352941,0.27626783059942245,4.23410650459726
